uri,cid,text,created_at,reply_count,repost_count,like_count,indexed_at,author_handle,author_display_name,author_did,text_clean
at://did:plc:vlhpwoomawpontli3gpvxavc/app.bsky.feed.post/3mcbj5orpck26,bafyreieete4l7vahbnk6qm2uflak4atu25xs7mayr4mr4jjitb2ns6vl3q,"ivy j√° fazendo o mutir√£o #forababu 
#bbb26",2026-01-13 02:30:44.171000+00:00,0,0,2,2026-01-13T02:30:50.730Z,thainventa.bsky.social,Thaisa,did:plc:vlhpwoomawpontli3gpvxavc,ivy fazendo mutir√£o forababu
at://did:plc:ksh7ckrh4fyn3oog46xlovsf/app.bsky.feed.post/3mcbnq4ald223,bafyreicqqeylyp4mz623co3k2ncdqzw2ugmgijektd73lvliojduezaiuy,"ele √© muito chato kkkkkk na outra edi√ß√£o torci pra ele sair, nesse, nem come√ßou j√° sou #forababu kkkkkkkkkk",2026-01-13 03:52:37.236000+00:00,0,0,1,2026-01-13T03:52:38.230Z,francastro.bsky.social, –§—Ä–∞–Ω –ö–∞—Å—Ç—Ä–æ,did:plc:ksh7ckrh4fyn3oog46xlovsf,chato outra torci come√ßou forababu kkkkkkkkkk
at://did:plc:ksh7ckrh4fyn3oog46xlovsf/app.bsky.feed.post/3mcbmbkygas23,bafyreibshi4geq74bmmvq754hua7u2qtgght2tshtm6ahnglflypnfn36u,"o @bbb nem come√ßou e j√° sou #forababu 

#teammarcelinho #bbb26 #redebbb",2026-01-13 03:26:35.640000+00:00,0,0,0,2026-01-13T03:26:36.036Z,francastro.bsky.social, –§—Ä–∞–Ω –ö–∞—Å—Ç—Ä–æ,did:plc:ksh7ckrh4fyn3oog46xlovsf,come√ßou forababu teammarcelinho
at://did:plc:ksh7ckrh4fyn3oog46xlovsf/app.bsky.feed.post/3mccize6uv22u,bafyreifgoqffkrwy4s74n5hkt7v6izpbyyj2kaut3rykw2swbqifbbjmvm,"amo essa amizade!! 

@oxemarcelinho: ‚Äúachei q a fernanda ia entrar‚Äù 
@anapaularenault: ‚Äúe eu a ivy pra votar no babu‚Äù   

aninha amore, j√° somos #forababu 

#redebbb #bbb26",2026-01-13 12:00:58.586000+00:00,0,0,0,2026-01-13T12:01:05.336Z,francastro.bsky.social, –§—Ä–∞–Ω –ö–∞—Å—Ç—Ä–æ,did:plc:ksh7ckrh4fyn3oog46xlovsf,amo amizade oxemarcelinho achei fernanda ia anapaularenault ivy babu aninha amore forababu
at://did:plc:q3rjlpj5i7leyv2cef7dfwfc/app.bsky.feed.post/3mcgvahxb2c2u,bafyreid3f3nlswx2dema2cpszxqpcidzts3v7lvcw7r7pzgesggxprd2gq,"e quando o babu descobrir que a anapaula puxou um #forababu na edi√ß√£o dele????
#bbb26",2026-01-15 05:50:21.267000+00:00,1,0,0,2026-01-15T05:50:21.030Z,l3l3ck4.bsky.social,L3l3ck4 ,did:plc:q3rjlpj5i7leyv2cef7dfwfc,babu descobrir anapaula puxou forababu
at://did:plc:wrfz6gvjqduh6kwh5rzvr36i/app.bsky.feed.post/3mcbhktotns2q,bafyreier7oeuxpoqrhftszvbfyigh42qotvwve6cnygn24f42kbqm5gojq,ja sou #teambabu ‚úåÔ∏è‚ú® #bbb26,2026-01-13 02:02:18.044000+00:00,0,0,0,2026-01-13T02:02:18.330Z,jaquezux.bsky.social,jaque.,did:plc:wrfz6gvjqduh6kwh5rzvr36i,teambabu
at://did:plc:jjcfdyu7ydtuud7jg6ganwtw/app.bsky.feed.post/3mcbfrhgohk2p,bafyreidodijeex5otzfcwneos7ydbjs3dnt4e6magucmm2drvyclio5zkm,se o babu voltar mesmo serei #teambabu at√© o fim,2026-01-13 01:30:12.591000+00:00,0,0,0,2026-01-13T01:30:13.936Z,voltandoao405.bsky.social,concurso de sosia davi brito,did:plc:jjcfdyu7ydtuud7jg6ganwtw,babu voltar teambabu fim
at://did:plc:iprsguqsz7pzgpdckko2qu5c/app.bsky.feed.post/3mcbiht62z227,bafyreidqok6znszegzbzpj4hm23nr4qkjq3oci7h7uz7plwzlhc6ftd4xa,e mais uma vez vamos de #teambabu,2026-01-13 02:18:30.572000+00:00,0,0,0,2026-01-13T02:18:29.696Z,elimafra.bsky.social,Elisa Mafra,did:plc:iprsguqsz7pzgpdckko2qu5c,teambabu
at://did:plc:wptswlp3mrcsiyfln6ugricj/app.bsky.feed.post/3mcdjvode7s2h,bafyreicnvrshhap2iyv42cczrwuavmscafvgty72tiyrpu6iu3wfikssdq,"eu 3h atr√°s: esse ano n√£o vou assistir bbb
eu vendo que o babu est√°  no bbb: esque√ßa tudo o que falei. vou ter que assistir sim e ser #teambabu mais um ano!",2026-01-13 21:49:28.484000+00:00,0,0,0,2026-01-13T21:49:30.228Z,elosemh.bsky.social,Elo üö©üá™üá™ü´∞üèª,did:plc:wptswlp3mrcsiyfln6ugricj,3h atr√°s vou vendo babu esque√ßa tudo falei vou sim teambabu
at://did:plc:ulwao7ndua3xppebdwn3kwty/app.bsky.feed.post/3mcqamjkuts23,bafyreicwlp4xzn7qabrychyyza34yorosh4kirh575cc6nqeu7g2dqkfky,anapaula sente cheiro de assediador #bbb,2026-01-18 23:07:54.420000+00:00,3,27,193,2026-01-18T23:07:55.332Z,felipeabal.viracasacas.com,Felipe Abal,did:plc:ulwao7ndua3xppebdwn3kwty,anapaula sente cheiro assediador
at://did:plc:h6n3z5vatkm6ortaao5cddhd/app.bsky.feed.post/3mct4z2hwdc2j,bafyreice4iv3hlphac63z4x7c7a7y4mgb7jkfqvzes2mclxn36aoovdfri,off se eu entrasse no bbb e anapaula me rejeitasse eu apertava o botao pra sair #bbb,2026-01-20 02:41:19.034000+00:00,1,45,227,2026-01-20T02:41:20.832Z,marish.bsky.social,Planeta Chup√£o ‚òÑÔ∏è,did:plc:h6n3z5vatkm6ortaao5cddhd,entrasse anapaula rejeitasse apertava botao
at://did:plc:4436cdvz3koc4exf3tct3sdn/app.bsky.feed.post/3mcqei2fi2s2r,bafyreihwe4fb6ddxd457a5niokoaqobv4feqwf23evi3ja2lstcep3rwsa,anapaula bbb os 34 anos que passou sem trabalhar sendo sustentada pelos pais ela tava studying the blade,2026-01-19 00:16:59.261000+00:00,0,76,364,2026-01-19T00:17:00.230Z,cuntolicismo.bsky.social,igreja cuntolica lacrostolica,did:plc:4436cdvz3koc4exf3tct3sdn,anapaula 34 anos passou trabalhar sendo sustentada pais studying the blade
at://did:plc:jx7hzxv5lh3xxsiz5wyq5mqk/app.bsky.feed.post/3mcl446nvvk2j,bafyreiggkku4nodholgxonxudnuyoxyjh6s7nklyyaa2a3acqcfnr36rj4,anapaula mandando um desafeto pra cadeia pela segunda vez num bbb,2026-01-16 22:03:52.454000+00:00,1,33,137,2026-01-16T22:03:52.233Z,burendoru.bsky.social,gay gigantesca de leque,did:plc:jx7hzxv5lh3xxsiz5wyq5mqk,anapaula mandando desafeto cadeia segunda
at://did:plc:h6n3z5vatkm6ortaao5cddhd/app.bsky.feed.post/3mcry57innk2c,bafyreibqd6yk4hdigh7z3ejjpv25uqrwpt3qfgtzf56236kdfnt7j3ox54,cozinharam a anapaula num laborat√≥rio de reality show q nem uma menina super poderosa  #bbb,2026-01-19 15:41:30.084000+00:00,0,2,38,2026-01-19T15:41:30.835Z,marish.bsky.social,Planeta Chup√£o ‚òÑÔ∏è,did:plc:h6n3z5vatkm6ortaao5cddhd,cozinharam anapaula laborat√≥rio show menina super poderosa
at://did:plc:657jhwkcct5wpj2ydtxtjpwt/app.bsky.feed.post/3mct7r5gauk2w,bafyreie3ptdwt6isuz23hhylzqcazqltbatil3jdyf6w52in5rwwcdszre,"sarah se aproximando da anapaula.

anapaula saindo falando: ""cad√™ meu ex√©rcito""

#bbb #bbb26",2026-01-20 03:30:34.928000+00:00,0,0,13,2026-01-20T03:30:36.536Z,daviddenislobao.bsky.social,David Denis Lob√£o,did:plc:657jhwkcct5wpj2ydtxtjpwt,sarah aproximando anapaula anapaula saindo falando cad√™ ex√©rcito
at://did:plc:c36f6dl2hgqxynd6wclxudqw/app.bsky.feed.post/3mcqnewuwf22s,bafyreife6odsoih2di73w3lauue6x5bj5srtokn54a35njxorhpearkv2y,sugest√£o pro bbb: colocar a anapaula com um cutelo de a√ßougueiro em um sala com pedro. eu assino at√© o pay-per-view,2026-01-19 02:56:18.588000+00:00,1,3,47,2026-01-19T02:56:19.332Z,danielduncan.bsky.social,Daniel Duncan,did:plc:c36f6dl2hgqxynd6wclxudqw,sugest√£o colocar anapaula cutelo a√ßougueiro sala pedro assino
at://did:plc:h6n3z5vatkm6ortaao5cddhd/app.bsky.feed.post/3mcqci4mi6k2q,bafyreifywb2psycym2nsxzclt3nfmug4owitcfh732v5hmlk5na5tobbci,kkkkkkk anapaula renault a maior de todas impressionante cara #bbb,2026-01-18 23:41:14.102000+00:00,1,4,39,2026-01-18T23:41:16.535Z,marish.bsky.social,Planeta Chup√£o ‚òÑÔ∏è,did:plc:h6n3z5vatkm6ortaao5cddhd,kkkkkkk anapaula renault maior todas impressionante cara
at://did:plc:wil2pwyrgq5o2rlmkh4jbyvw/app.bsky.feed.post/3mcnzlbqnx22j,bafyreidcj4hkeek5pnttvvdhfb2nhsqzumivppyyu6fp7ucpbdcptycpe4,as vezes o mo√ßo do bbb √© grower... mas dificilmente √© mais greluda q anapaula. üí™üë±‚Äç‚ôÄÔ∏è,2026-01-18 01:56:36.974000+00:00,1,0,26,2026-01-18T01:56:45.734Z,ynhaim.bsky.social,Ynhaim?! üîû,did:plc:wil2pwyrgq5o2rlmkh4jbyvw,mo√ßo grower dificilmente greluda anapaula
at://did:plc:sfjm5ndkp5maivlns6bmxabj/app.bsky.feed.post/3mclimczczs22,bafyreihedrsyv2g36pywm6bt2nqnebwvptbttthwxi2s7lsbvws7vbuadi,oi anapaula vi vc quietinha vivendo sua vida no bbb o que voc√™ acha de israel e palestina?,2026-01-17 01:47:38.795000+00:00,1,2,50,2026-01-17T01:47:41.029Z,oiyuriv.bsky.social,yuri,did:plc:sfjm5ndkp5maivlns6bmxabj,oi anapaula vi quietinha vivendo vida acha israel palestina
at://did:plc:h6n3z5vatkm6ortaao5cddhd/app.bsky.feed.post/3mcucihms522n,bafyreiao7v4z62sgcn6osjjlg2rtbzmau2ipgjo7ihmimoprmz2wqwu55a," aproveitar anapaula agora pq o futuro a deus pertence, o programa √© longo demais pra ela sustentar favoritismo at√© o final, vai ser complicadissimo #bbb",2026-01-20 13:52:04.600000+00:00,3,0,21,2026-01-20T13:52:05.531Z,marish.bsky.social,Planeta Chup√£o ‚òÑÔ∏è,did:plc:h6n3z5vatkm6ortaao5cddhd,aproveitar anapaula futuro deus pertence longo demais sustentar favoritismo final complicadissimo
at://did:plc:mnrqbnd5untvec66imqmcr3d/app.bsky.feed.post/3mcqcekrc5k2n,bafyreih6ifzcif4vrlfnbrkl7y5tk5lu5r226ohmgqylipyvj3un4gl7hi,"se a anapaula ganhasse um real cada vez q fosse pro bbb e tretasse com assediador antes dele ser exposto ela teria dois reais. n√£o √© muito, mas √© uma merda que tenha acontecido duas vezes",2026-01-18 23:39:14.726000+00:00,1,32,52,2026-01-18T23:39:15.331Z,forkswift.bsky.social,candy,did:plc:mnrqbnd5untvec66imqmcr3d,anapaula ganhasse real cada tretasse assediador exposto dois reais merda acontecido duas
at://did:plc:h6n3z5vatkm6ortaao5cddhd/app.bsky.feed.post/3mcj3nqkdik2y,bafyreifz4jnght3nvwzf2zn6bjg2zqanhjjivjnhqlwlzfvud3kmhb4jby,anapaula jamais se trate #bbb,2026-01-16 02:50:28.419000+00:00,1,2,30,2026-01-16T02:50:28.834Z,marish.bsky.social,Planeta Chup√£o ‚òÑÔ∏è,did:plc:h6n3z5vatkm6ortaao5cddhd,anapaula jamais trate
at://did:plc:nlzugstjgdgksaw7m6tssjjr/app.bsky.feed.post/3mcqbohmmxk24,bafyreid6kh6koz2w3awmccatpdyxzvi3hblpd2nzqxpzmhgm5zfipbfr34,anapaula renault toda vez que entra no bbb:,2026-01-18 23:26:53.220000+00:00,0,4,17,2026-01-18T23:26:55.829Z,pontesigor.bsky.social,Igor Pontes,did:plc:nlzugstjgdgksaw7m6tssjjr,anapaula renault entra
at://did:plc:h6n3z5vatkm6ortaao5cddhd/app.bsky.feed.post/3mcmvtfbmfs2a,bafyreifynoifqfkm224jw5xzdzuur6imx5rtxskwjbtbjhxo5o6fmniyue,"eu sou bot de anapaula renault mesmo, n curtiu pega eu #bbb",2026-01-17 15:16:54.427000+00:00,1,1,14,2026-01-17T15:16:55.435Z,marish.bsky.social,Planeta Chup√£o ‚òÑÔ∏è,did:plc:h6n3z5vatkm6ortaao5cddhd,bot anapaula renault curtiu pega
at://did:plc:u26lsy2jwbps3dkg4533n3wh/app.bsky.feed.post/3mclf7vjmak2m,bafyreifgnqmhmnqgkh4weku636axkm6wz7tsndguu2iku2l4xomufdhdfi,"com toda a hist√≥ria da ex do pedro, vemos que anapaula renault, de novo, t√° tendo faro apurado pra homi lixo

no bbb 16, ana foi chamada de louca pra baixo por apontar o comportamento nojento de um participante. o p√∫blico a tachou de hist√©rica pra baixo, mas o tempo mostrou q ela tava certa #bbb26",2026-01-17 00:47:00.768000+00:00,3,70,213,2026-01-17T00:47:02.329Z,exruivadotchan.bsky.social,Lucy no C√©u sem Diamantes,did:plc:u26lsy2jwbps3dkg4533n3wh,hist√≥ria ex pedro vemos anapaula renault novo tendo faro apurado homi lixo 16 ana chamada louca baixo apontar comportamento nojento p√∫blico tachou hist√©rica baixo tempo mostrou certa
at://did:plc:2whzeyp6psmziq7jl2fohp5d/app.bsky.feed.post/3mct3hqpme22q,bafyreig6n622xhgdoxhmfcm5mkmadzpg3wnqquzksfx6cexvpdnfzhndrm,"a plateia do bbb aplaudindo a participa√ß√£o da anapaula. est√° corret√≠ssimo isso a√≠, tadeu. üëçüèª #bbb26",2026-01-20 02:13:44.649000+00:00,1,1,9,2026-01-20T02:13:45.437Z,danielvaz.bsky.social,Daniel Vaz,did:plc:2whzeyp6psmziq7jl2fohp5d,plateia aplaudindo participa√ß√£o anapaula corret√≠ssimo tadeu
at://did:plc:4jkada47obqrfcrntw4x7vam/app.bsky.feed.post/3mcqczgy36c23,bafyreiaachf3pkxiqdmqb3zt4gqmhqfjydrcws3wrdvtyqvqyhk3cpp6t4,por tudo que eu catei a respeito da mo√ßa anapaula acho que ela devia participar de toda primeira semana de cada bbb.,2026-01-18 23:50:55.383000+00:00,3,1,18,2026-01-18T23:50:56.130Z,lucianahn.bsky.social,BorboletasnosOlhos,did:plc:4jkada47obqrfcrntw4x7vam,tudo catei respeito mo√ßa anapaula acho devia participar primeira cada
at://did:plc:rovs7k35giv42zqnwan5gup7/app.bsky.feed.post/3mck4uv6oe22l,bafyreibuhd4ffazms4o2d6iorwr66mvnfcgf3wjfxg3r55al7r42gzc3yu,"o q mais me impressiona √© q a anapaula renault tinha tudo pra √± ter esse discurso, mas tem. ü§ç

#alereality #bbb26 #bbb",2026-01-16 12:45:01.637000+00:00,2,7,75,2026-01-16T12:45:05.833Z,alexandrefelipe.bsky.social,‚òÜ Al√™ Reality ‚òÜ,did:plc:rovs7k35giv42zqnwan5gup7,impressiona anapaula renault tudo √± discurso alereality
at://did:plc:h6n3z5vatkm6ortaao5cddhd/app.bsky.feed.post/3mclcxb2cmk2k,bafyreif2ltezmtnrgkktoarzq34mcwjfbm4xqe2obpp4ypk2emsivq2khy,orar pra anapaula n ser expulsa hj #bbb,2026-01-17 00:06:23.379000+00:00,3,2,23,2026-01-17T00:06:24.435Z,marish.bsky.social,Planeta Chup√£o ‚òÑÔ∏è,did:plc:h6n3z5vatkm6ortaao5cddhd,orar anapaula expulsa hj
at://did:plc:hllnbe7rsxz574hbc2awer7w/app.bsky.feed.post/3mcmzpdv32c25,bafyreib4ixgebx73ynxjtxtok2pi3wfp2kryt4mcv2vkoc5zgr7xs3hk3a,"ela √© viciada em devolver desconforto

dif√≠cil n√£o acompanhar bbb quando anapaula decide chapiscar algu√©m t√£o f√°cil de odiar.",2026-01-17 16:26:13.717000+00:00,7,9,49,2026-01-17T16:26:15.430Z,agatemiele.bsky.social,üåªMulher que Fala Muitoüåª,did:plc:hllnbe7rsxz574hbc2awer7w,viciada devolver desconforto dif√≠cil acompanhar anapaula decide chapiscar algu√©m t√£o f√°cil odiar
at://did:plc:rovs7k35giv42zqnwan5gup7/app.bsky.feed.post/3mclfqmrtr225,bafyreiagd66yxgztqlfr46iob745zgyep2shcinkc7lokcdomat5zwkhwe,"tanta gente pro pedro mexer, ele vai mexer justamente com a anapaula renault. babaca!

#alereality #bbb26 #bbb",2026-01-17 00:56:22.029000+00:00,2,2,20,2026-01-17T00:56:23.331Z,alexandrefelipe.bsky.social,‚òÜ Al√™ Reality ‚òÜ,did:plc:rovs7k35giv42zqnwan5gup7,tanta pedro mexer mexer justamente anapaula renault babaca alereality
at://did:plc:7t54b57vkk3oi3pbauiwzvhm/app.bsky.feed.post/3mcrugulzes27,bafyreiainnampkruam4teuu4wgvf2gvjolwdbofn3c2pynjiakqmexgay4,cada dia sem ter um emprego home office √© uma tortura,2026-01-19 14:35:19.228000+00:00,0,0,6,2026-01-19T14:35:22.238Z,aumentativo.bsky.social,aumentativo de sapato  ‚ößÔ∏è,did:plc:7t54b57vkk3oi3pbauiwzvhm,cada emprego home office tortura
at://did:plc:zwczrg456rzf533c4w26tmks/app.bsky.feed.post/3mcqlah6rg22j,bafyreigcwcppimr57qzpjjfe6wz55xsy7cnlmtg5nmvfyzcy7tkuycytg4,"aline n√£o aceita que a anapaula est√° realmente cagando pra ela kkkkkkkkk 
#bbb",2026-01-19 02:18:00.433000+00:00,0,4,7,2026-01-19T02:18:01.131Z,rafaelxum.bsky.social,,did:plc:zwczrg456rzf533c4w26tmks,aline aceita anapaula realmente cagando kkkkkkkkk
at://did:plc:h6n3z5vatkm6ortaao5cddhd/app.bsky.feed.post/3mcmvpzuqw22a,bafyreihltuummisn3ydxypfyeqwdcplas4gpqqdzdh2kyjupwjiafm5hiy,"cara a a anapaula cheirando a trambicagem desse pedro q nem um c√£o de ca√ßa e a bicha ta certa de novo, fortissimo. parece q td vez q ela ta no bbb todo mundo q tem √≠ndole duvidosa nao suporta a fortaleza dela, os caras vao pro embate e acabam sendo expostos kkkkkk #bbb",2026-01-17 15:15:01.804000+00:00,2,3,52,2026-01-17T15:15:05.941Z,marish.bsky.social,Planeta Chup√£o ‚òÑÔ∏è,did:plc:h6n3z5vatkm6ortaao5cddhd,cara anapaula cheirando trambicagem desse pedro c√£o ca√ßa bicha certa novo fortissimo parece √≠ndole duvidosa nao suporta fortaleza caras vao embate acabam sendo expostos
at://did:plc:322v3qhdmryipdzyhizguxok/app.bsky.feed.post/3mct7eprz3k2r,bafyreicrzv33wloohd3xtt6hwsxid7f34npjglbmqvgo7r5whjrkhfoxia,"- eu, hein! agora sou obrigada a conversar com gente que medita? (anapaula renault)

ü§£ü§£ü§£

#bbb26

#bbb",2026-01-20 03:23:37.976000+00:00,0,0,8,2026-01-20T03:23:38.438Z,tutibraga.bsky.social,Tuti Braga,did:plc:322v3qhdmryipdzyhizguxok,hein obrigada conversar medita anapaula renault
at://did:plc:lqsilrjmffa5jkvgyv5yfosl/app.bsky.feed.post/3mct7sczon22d,bafyreiepqhq4rfvrguiaoy3kmxkqwykc5p73ovf432pby4lwzuiiiuzfw4,"o foda √© que se muitos de n√≥s entr√°ssemos no bbb a gente ia chegar na anapaula e falar ""oi meu jogo √© seu, pode mandar fazer qualquer coisa que eu obede√ßo""

eu ia inclusive colocar ela em 1¬∫ no meu p√≥dio e ficar no 2¬∫ l√° quietinho",2026-01-20 03:31:14.364000+00:00,1,0,25,2026-01-20T03:31:14.630Z,gaytristinha.bsky.social,doug arrota-leite,did:plc:lqsilrjmffa5jkvgyv5yfosl,foda muitos entr√°ssemos ia chegar anapaula oi mandar qualquer obede√ßo ia inclusive colocar 1¬∫ p√≥dio 2¬∫ quietinho
at://did:plc:ubji6txf3gdzwztlt2zegzdi/app.bsky.feed.post/3mckhnydfx223,bafyreigu2ew7vgo2vxh5imi3idwshl2h5wdvzn3upoqjliujexh5th25by,"vi um video do babu explicando os homens peixe do one piece pra anapaula renault, com toda quest√£o racial envolvida (ele mesmo j√° fez um cosplay do jinbe e tem tudo a ver!)

parece mesmo que esse bbb t√° interessante.",2026-01-16 15:58:01.220000+00:00,2,7,103,2026-01-16T15:58:06.344Z,crisvector.com,Cris,did:plc:ubji6txf3gdzwztlt2zegzdi,vi video babu explicando homens peixe one piece anapaula renault quest√£o racial envolvida fez cosplay jinbe tudo parece interessante
at://did:plc:qhmqwop4lsxs47kggc335x3l/app.bsky.feed.post/3mcl7cupvn22x,bafyreibvjcy6cr5l3jifr3zcoa22avjdt6hp5evuk2i56wuyjb2pikqkgq,"se eu tivesse um real para cada edi√ß√£o do #bbb em que a anapaula desmascarou um ped√≥filo, eu teria 2 reais

n√£o √© muito, mas puta que pariu bicho",2026-01-16 23:01:18.141000+00:00,0,29,76,2026-01-16T23:01:19.336Z,windblow.org,Steven Flow,did:plc:qhmqwop4lsxs47kggc335x3l,real cada anapaula desmascarou ped√≥filo 2 reais puta pariu bicho
at://did:plc:qrg7fgmwipo7376aajhnfvpa/app.bsky.feed.post/3mcqck7btr22c,bafyreihntsraqhdqydaq6pjrvzwkxvly3qkpqmflysy3uqaepqvbg3ypcy,"j√° √© o segundo abusador do sul que a anapaula ajuda a derrubar. o radar da loba!
#bbb26 #bbb #redebbb",2026-01-18 23:42:23.992000+00:00,1,1,8,2026-01-18T23:42:27.929Z,leoavalon.bsky.social,L√©o Tavares,did:plc:qrg7fgmwipo7376aajhnfvpa,segundo abusador sul anapaula ajuda derrubar radar loba
at://did:plc:rdkm7tyahhszzlrekmrlpgv5/app.bsky.feed.post/3mcng75eigs2m,bafyreigljqo34zv4yoocbnzbd7mjdjztp6vize7fkmeamdajwrbaqxbbqi,a anapaula do nada resolve comer o cy do fr√≠gido pra passar o tempo. #bbb26 #bbb,2026-01-17 20:09:48.655000+00:00,1,1,10,2026-01-17T20:09:49.429Z,siaht.bsky.social,Labubu da Shopee,did:plc:rdkm7tyahhszzlrekmrlpgv5,anapaula nada resolve comer cy fr√≠gido passar tempo
at://did:plc:vra7v3d427dqkuohdiagvdyr/app.bsky.feed.post/3mcofw3x2ts2k,bafyreiflc72hnrpezath27tzpca3wg5qadfuzzel2b35hru7qukrdxljsq,morrendo com jonas brigando com anapaula. puta que pariu. esse bbb √© s√≥ barraco que delicia.,2026-01-18 05:37:24.915000+00:00,0,0,12,2026-01-18T05:37:27.835Z,bttlborn.bsky.social,botle,did:plc:vra7v3d427dqkuohdiagvdyr,morrendo jonas brigando anapaula puta pariu barraco delicia
at://did:plc:fic2vnsvkcb3fqae6cjqulax/app.bsky.feed.post/3mckkpoq3n22j,bafyreiabmdmkmck7cawcpga55gvbxwnwprvy2qfv3yf2xsdf74eh3wbvb4,gente entregaram muito r√°pido e f√°cil esse bbb pra anapaula renault,2026-01-16 16:52:39.485000+00:00,1,0,11,2026-01-16T16:52:41.938Z,cezarfig.bsky.social,Obrigado a conversar com gente que medita,did:plc:fic2vnsvkcb3fqae6cjqulax,entregaram r√°pido f√°cil anapaula renault
at://did:plc:7f64qdulrszhatrte3vypkzy/app.bsky.feed.post/3mclyhhtsek2f,bafyreiaw4v3fh7lm3a6jcrg6dfyae5vzs2b7df5mhkdkgx3lit2s3szp5a,anapaula no bbb sempre vira crossover com to catch a predator e eu acho isso lindo,2026-01-17 06:31:15.955000+00:00,1,0,9,2026-01-17T06:31:15.830Z,queermonster.bsky.social,"Beatrice Dorian, The Very Penetrable One üè≥Ô∏è‚Äç‚ößÔ∏è",did:plc:7f64qdulrszhatrte3vypkzy,anapaula vira crossover catch predator acho lindo
at://did:plc:ub2wibwp3wsnja32pdnzylcl/app.bsky.feed.post/3mcn55qnzhc2l,bafyreibgoosahnzp4eimr5txxjgi4bmiipyvgisnmrxlczhq2x3ennlosm,"monas eu to em choque pq a anapaula simplesmente t√° sendo a dona desse bbb at√© agora, todo movimento l√° dentro t√° envolvido a ela‚Ä¶..mam√£ezinha",2026-01-17 17:27:58.106000+00:00,1,0,12,2026-01-17T17:27:58.333Z,rircardinho.bsky.social,Ricardinho,did:plc:ub2wibwp3wsnja32pdnzylcl,monas choque anapaula simplesmente sendo dona desse movimento dentro envolvido mam√£ezinha
at://did:plc:rdkm7tyahhszzlrekmrlpgv5/app.bsky.feed.post/3mclbbgqpu22w,bafyreideplh53cjypml746xheyv44mskz4t7nwz47sn6pvj6xa3srzxy44,"l√° vai o tra√≠dor trambiqueiro querer imputar coidas na anapaula enquanto ela se arruma, q cara insuport√°vel. #bbb26 #bbb",2026-01-16 23:36:17.416000+00:00,0,0,11,2026-01-16T23:36:17.636Z,siaht.bsky.social,Labubu da Shopee,did:plc:rdkm7tyahhszzlrekmrlpgv5,tra√≠dor trambiqueiro querer imputar coidas anapaula enquanto arruma cara insuport√°vel
at://did:plc:ki67vl6wicuiwhdfe4fvo7ay/app.bsky.feed.post/3mcpjrxnfn22y,bafyreighe4fuij6szylef4ew5gouzpb6p3p6725ajnsbmwove7p4ynp7rq,passa bbb e vem bbb e o povo n√£o aprende... t√£o jogando o enredo todinho no colo de quem passam p dia falando... nesse caso t√£o dando tudo p anapaula hahahaha,2026-01-18 16:19:20.889000+00:00,0,0,14,2026-01-18T16:16:35.232Z,lilianbrito81.bsky.social,Lilianüá™üá™üèπ,did:plc:ki67vl6wicuiwhdfe4fvo7ay,passa povo aprende t√£o jogando enredo todinho colo passam p falando caso t√£o dando tudo p anapaula hahahaha
at://did:plc:rdkm7tyahhszzlrekmrlpgv5/app.bsky.feed.post/3mcibr33iok2h,bafyreiaoysjl2rhrxbscv2bpqu7qyeqtz4vnjjsf3fesmdv2brirrajt3y,"pedro: ‚Äúme desculpa‚Äù
anapaula: ‚Äún√£o desculpo n√£o‚Äù
pedro: ‚Äú que deus aben√ßoe‚Äù
anapaula : ‚Äú n√£o enfia deus no meio‚Äù
#bbb26 #bbb",2026-01-15 19:07:02.842000+00:00,0,3,15,2026-01-15T19:07:05.937Z,siaht.bsky.social,Labubu da Shopee,did:plc:rdkm7tyahhszzlrekmrlpgv5,pedro desculpa anapaula desculpo pedro deus aben√ßoe anapaula enfia deus meio
at://did:plc:ombefbv46lutxbuvu4mz34ja/app.bsky.feed.post/3mcqxdqcbu424,bafyreif5qahbtpy2xzkcvx5rgtv6hsfkyczlgtmkpjp664vwf5527tb2yu,"aline falando porque a anapaula ataca tanto ela?  
kkkkk
#bbb26 #bbb #redebbb ",2026-01-19 05:54:35+00:00,0,1,3,2026-01-19T05:54:35.932Z,fifisdotelefone.bsky.social,Fifis do Telefone | #AFazenda17,did:plc:ombefbv46lutxbuvu4mz34ja,aline falando porque anapaula ataca tanto
at://did:plc:wx7vbeyhzjh3q546ajdxjolw/app.bsky.feed.post/3mcmu2uq3bs25,bafyreidhkbxikurfyda6mnrbxlnestry3slzz5a4kfm2l6oia6imt6o5qm,"nikolas ferreira, anapaula renault e o confronto que o bbb n√£o esperava. por nathal√≠",2026-01-17 14:45:18.027000+00:00,0,3,16,2026-01-17T14:45:23.131Z,dcmonline.bsky.social,Di√°rio do Centro do Mundo,did:plc:wx7vbeyhzjh3q546ajdxjolw,nikolas ferreira anapaula renault confronto esperava nathal√≠
at://did:plc:6e7u34r4f6kp5irrslrj254f/app.bsky.feed.post/3mclkztmtks2q,bafyreif3wui25zj5i4m4hrt24wcav5yo3pc373sfo3uv6evpn2egwvyn64,se eu tivesse no bbb eu ia colar demais na anapaula. independente de jogo. eu sou fascinado por pessoas que farmam aura naturalmente como se n√£o fosse nada.,2026-01-17 02:30:59.903000+00:00,0,1,15,2026-01-17T02:31:00.531Z,mathh.space,BadMŒõ∆¨Œó,did:plc:6e7u34r4f6kp5irrslrj254f,ia colar demais anapaula independente fascinado pessoas farmam aura naturalmente nada
at://did:plc:olt6nkuwdstbdmx2met4rjdl/app.bsky.feed.post/3mct3lgxu2k2r,bafyreifr3fekk5orbefvfsmjcu237nckzmpgwdaphm3e3a5o6fem6uhh4a,a anapaula serve demais puta merda #bbb,2026-01-20 02:15:48.651000+00:00,0,0,4,2026-01-20T02:15:49.830Z,sulemio.bsky.social,myari,did:plc:olt6nkuwdstbdmx2met4rjdl,anapaula serve demais puta merda
at://did:plc:it4hiz5pphsu2jnzdqlah3e2/app.bsky.feed.post/3mcnrq4czq22u,bafyreiclmpb46kmj2vtqers334ymmnu5einspz25oe3gxgnwwpmqplsmhe,"anapaula: ""esse pared√£o n√£o mede nada! eu posso sair por causa de torcida sem ser de bbb, posso sair por causa de religi√£o e pol√≠tica.""  

sarah: ""ele (pedro) puxou assunto em rela√ß√£o a isso? ele t√° mexendo numa caixa de marimbondo que n√£o t√° entendendo.""",2026-01-17 23:36:09.137000+00:00,2,2,21,2026-01-17T23:36:11.936Z,centralbbb.bsky.social,Central BBB 26,did:plc:it4hiz5pphsu2jnzdqlah3e2,anapaula mede nada posso causa posso causa religi√£o pol√≠tica sarah pedro puxou assunto rela√ß√£o mexendo caixa marimbondo entendendo
at://did:plc:3q5heqbjg4hy5zozom7ewrk2/app.bsky.feed.post/3mcqbk3hdo22y,bafyreibwkiwdok6mfgxpcaokblxys75bd6rropqvokqc7tv7cwzuwrgafe,passada que a anapaula descobriu mais um assediador em outro bbb! passada meu deus.,2026-01-18 23:24:26.248000+00:00,1,0,3,2026-01-18T23:24:28.229Z,firminomayara.bsky.social,may,did:plc:3q5heqbjg4hy5zozom7ewrk2,passada anapaula descobriu assediador outro passada deus
at://did:plc:wxifol6tegoaxu6tgpad252q/app.bsky.feed.post/3mcfu75qyas2o,bafyreicro2ssq4w25xlv5dtwqvrxyju5dcj4cfn7cnmv7dtrmghzr3iiw4,anapaula dando fora no jonas #bbb,2026-01-14 19:59:03.544000+00:00,0,3,17,2026-01-14T19:59:05.442Z,elisapolonio.bsky.social,Eli P.,did:plc:wxifol6tegoaxu6tgpad252q,anapaula dando jonas
at://did:plc:ombefbv46lutxbuvu4mz34ja/app.bsky.feed.post/3mcubrwy7qu2q,bafyreiautgpbu524sbudcw7u5x5m6g7k2qvou75ssc2i4brs4eyxzyxpxe,"a aline √© obcecada pela anapaula. 
#bbb26 #bbb #redebbb ",2026-01-20 13:39:28+00:00,1,1,4,2026-01-20T13:39:29.132Z,fifisdotelefone.bsky.social,Fifis do Telefone | #AFazenda17,did:plc:ombefbv46lutxbuvu4mz34ja,aline obcecada anapaula
at://did:plc:zs2yk4eq2mnb5slvzctcpb67/app.bsky.feed.post/3mct3li4xkk2i,bafyreia3vi4gtwmafwgjbap6bodu5ioelehey6ejunx3do5tnczxl6o4zu,hahahahahahahahahahahahahahhaahaha ela sentiu demais a cr√≠tica da anapaula hahahahahahahahahahahahaaha pessoa quer ser pac√≠fica no fuckin bbb hahahaha sai fora,2026-01-20 02:15:49.867000+00:00,0,0,3,2026-01-20T02:15:50.229Z,mariliamoscou.bsky.social,Imperatriz Paulista da N√£o-Monogamia,did:plc:zs2yk4eq2mnb5slvzctcpb67,hahahahahahahahahahahahahahhaahaha sentiu demais cr√≠tica anapaula hahahahahahahahahahahahaaha pac√≠fica fuckin hahahaha sai
at://did:plc:fic2vnsvkcb3fqae6cjqulax/app.bsky.feed.post/3mcrvqxyfyc2j,bafyreif3vicwtqenlhe6lcyd2pvnfflf4aufsx5yeieefprisyj6rydj6u,chaiany chegou pra ganhar o bbb. carism√°tica demais. se colar com anapaula vai ter tapete vermelho at√© a final,2026-01-19 14:58:52.078000+00:00,1,0,11,2026-01-19T14:58:53.727Z,cezarfig.bsky.social,Obrigado a conversar com gente que medita,did:plc:fic2vnsvkcb3fqae6cjqulax,chaiany chegou carism√°tica demais colar anapaula tapete vermelho final
at://did:plc:rovs7k35giv42zqnwan5gup7/app.bsky.feed.post/3mcfu3rwtxc2a,bafyreif24ril3wm4r7t6y74vagadgmtbcksv4bc5nmj2itz2o76ahsrut4,"anapaula renault defende as cotas raciais depois da solange couto atacar as cotas!!! n√© brinquedo n√£o!!!

#alereality #bbb26 #bbb",2026-01-14 19:57:10.490000+00:00,4,6,39,2026-01-14T19:57:12.333Z,alexandrefelipe.bsky.social,‚òÜ Al√™ Reality ‚òÜ,did:plc:rovs7k35giv42zqnwan5gup7,anapaula renault defende cotas raciais solange couto atacar cotas brinquedo alereality
at://did:plc:ombefbv46lutxbuvu4mz34ja/app.bsky.feed.post/3mcscqio2aa2f,bafyreigg37rrrf6fiaxkrzkc77ah6painbwsghut4numre7rgvg6pic4ii,"gente! sarah t√° querendo dizer que ontem o pedro saiu por ass√©dio e que aline vai levantar o que anapaula falou sobre ela na √©poca.  parece que a sarah t√° querendo comparar as coisas. foi isso mesmo que eu entendi??? 
#bbb26 #bbb #redebbb ",2026-01-19 18:51:14+00:00,1,0,7,2026-01-19T18:51:15.332Z,fifisdotelefone.bsky.social,Fifis do Telefone | #AFazenda17,did:plc:ombefbv46lutxbuvu4mz34ja,sarah querendo pedro ass√©dio aline levantar anapaula √©poca parece sarah querendo comparar coisas entendi
at://did:plc:5hrksfwkmpcbp65vdhr7lbmy/app.bsky.feed.post/3mcijhd5hcc2h,bafyreihbol2rl52o7ahq5oiwhuikxavwae5t2tofdvyuzjdyjohcaj6efm,"sempre gostei da anapaula renault, torci mt pela diva no 16. sem contar que ela defendeu muito a nossa isabelle nogueira. que ela ven√ßa o bbb 26!ü•Ç
*ana e isa s√£o sagitarianasü´∂üèª",2026-01-15 21:24:45.683000+00:00,0,0,17,2026-01-15T21:24:47.635Z,lartdesigner.bsky.social,Lilyüèπ,did:plc:5hrksfwkmpcbp65vdhr7lbmy,gostei anapaula renault torci diva contar defendeu isabelle nogueira ven√ßa 26 ana isa
at://did:plc:77m7szcps5ahfhlj275enasd/app.bsky.feed.post/3mcsg7s6j3s2d,bafyreihjkouv7ag3vk4kdmj7iiesx73k2hhlspnjy5iqfbrlj6q6softry,eu t√¥ ansiosa pra que a sarah converse com a aline e instrua ela a fazer o que ela sugeriu no quarto do l√≠der. imagina que bonito que vai ser no ao vivo a aline usando um crime que aconteceu dentro do bbb pra linkar isso com a anapaula pra passar vergonha ao vivo em rede nacional #bbb26,2026-01-19 19:53:29.171000+00:00,0,0,9,2026-01-19T19:53:31.543Z,mulherbeliche.bsky.social,Vivian,did:plc:77m7szcps5ahfhlj275enasd,ansiosa sarah converse aline instrua sugeriu quarto l√≠der imagina bonito vivo aline usando crime aconteceu dentro linkar anapaula passar vergonha vivo rede nacional
at://did:plc:r7ul7zs3an3h6yjuupdmzcsb/app.bsky.feed.post/3mct3erjqlc2i,bafyreibyqz3azf3nomzsinzgiuqhldee3ijp5n45pg6wy5gkhaxhd4r37q,anapaula e aline vai ser a maior enemies to lovers da hist√≥ria do #bbb repare bem,2026-01-20 02:12:04.841000+00:00,0,0,3,2026-01-20T02:12:06.559Z,ohobitinho.bsky.social,escrivitinho | üìò QQA NA AMAZON,did:plc:r7ul7zs3an3h6yjuupdmzcsb,anapaula aline maior enemies lovers hist√≥ria repare bem
at://did:plc:bw2akxadcm626jw4maxlwjnj/app.bsky.feed.post/3mcg3ysuroc2v,bafyreidarkqglicood3z4psdbjzsmz26dwn5dsncoem47cw2y2smspblpe,"uma ex bbb? anapaula renault
uma atual bbb? anapaula renault
uma ex fazenda? anapaula renault
um carro? renault
uma express√£o popular? olha ela
um nome? anapaula
um sobre nome? renault",2026-01-14 22:18:40.742000+00:00,0,1,18,2026-01-14T22:18:41.232Z,ptrckpva.bsky.social,fiona apple fazendo obra no canil dos cachorros,did:plc:bw2akxadcm626jw4maxlwjnj,ex anapaula renault atual anapaula renault ex fazenda anapaula renault carro renault express√£o popular nome anapaula nome renault
at://did:plc:2qvx4i33mg2cx7aihzwc7vg6/app.bsky.feed.post/3mcmoc6u7bk2e,bafyreiehxuztnxyvggmjbo4g2o62hoeyx7r5s6agofarybb3jt3qmqs7fy,"a desonestidade dessa gente crente pilantra √© fora do normal. a gente n√£o consegue imaginar, alcan√ßar, at√© que ponto mais baixo essa gente desgra√ßada vai. 
fiquei t√£o chocada ontem com o que o cara fez com a anapaula no bbb que eu gravei o que foi exibido.",2026-01-17 13:02:01.079000+00:00,1,0,14,2026-01-17T13:02:05.636Z,beatrizdiniz.bsky.social,Beatriz GUARANI KAIOW√Å,did:plc:2qvx4i33mg2cx7aihzwc7vg6,desonestidade dessa crente pilantra normal consegue imaginar alcan√ßar ponto baixo desgra√ßada fiquei t√£o chocada cara fez anapaula gravei exibido
at://did:plc:m6enlluw7ta5lo3hnyfbxz2q/app.bsky.feed.post/3mcn4r5ra4k2r,bafyreibib6rtoogp77dyppnqteflu7poo3efotas24axz7usol7vsq5w6m,anapaula com pedro t√° mostrando ao mundo que campanha anti bullying foi um erro da sociedade #bbb,2026-01-17 17:20:55.634000+00:00,0,0,3,2026-01-17T17:20:55.633Z,gengiskhona.bsky.social,The best of eurodance 97,did:plc:m6enlluw7ta5lo3hnyfbxz2q,anapaula pedro mostrando campanha anti bullying erro sociedade
at://did:plc:2qvx4i33mg2cx7aihzwc7vg6/app.bsky.feed.post/3mcmo5wijlc2e,bafyreidjyriwa4dyxqgne67lxqz46dr4jfsc4w7yxyl2tn3muv2s7tftim,"ontem teve um epis√≥dio de ass√©dio no bbb. ass√©dio religioso. e daquele jeito bem desonesto: o cara pediu pra ela n√£o fazer mais algo que causou nele um engasgo na garganta. n√£o disse o que ela fez e negou o que disse. 
a mo√ßa anapaula foi gigante. 
quero falar disso mais tarde.",2026-01-17 12:59:38.090000+00:00,2,0,25,2026-01-17T12:59:39.031Z,beatrizdiniz.bsky.social,Beatriz GUARANI KAIOW√Å,did:plc:2qvx4i33mg2cx7aihzwc7vg6,epis√≥dio ass√©dio ass√©dio religioso daquele jeito bem desonesto cara pediu algo causou nele engasgo garganta fez negou mo√ßa anapaula gigante quero tarde
at://did:plc:dcrw7yttnd3svdk5q7a34cuy/app.bsky.feed.post/3mcldjxzed22i,bafyreihrevxal5thdb3t3zjbblkjmu5vkyrxfwq4cp4lgn6kyana4xknmq,"t√° o july floss e umas doze pessoas no quarto tentando roubar a pauta da anapaula, a maior aproveitadora de pauta do bbb",2026-01-17 00:16:51.433000+00:00,1,0,8,2026-01-17T00:16:52.230Z,feliep.bsky.social,v√©ia do filme do didi gritando padre manoel morreeeu,did:plc:dcrw7yttnd3svdk5q7a34cuy,july floss umas doze pessoas quarto tentando roubar pauta anapaula maior aproveitadora pauta
at://did:plc:r52gp4thd7rjpxqrnahahaue/app.bsky.feed.post/3mcmv5ncklc25,bafyreidxsmtqfyn3lp4oi5unnx4huygbtqwstfwrkwhxcnkce2wok3wppq,se anapaula e cowboy se juntarem nas estrat√©gias de jogo acabou pra todos os outros da casa. #bbb,2026-01-17 15:04:44.647000+00:00,0,0,3,2026-01-17T15:04:45.438Z,carinavd.bsky.social,Carina üíôüìö,did:plc:r52gp4thd7rjpxqrnahahaue,anapaula cowboy juntarem estrat√©gias acabou outros
at://did:plc:gjtr3gbdqjutpao2yer3sh5e/app.bsky.feed.post/3mcqj4lgtcc2b,bafyreihocylv3vikrgowdia5rtnkf6ymt26gogivjdrxxxqajxkmgxal3u,"anapaula √© t√£o boa e consciente que nem tentou transformar sua pr√≥pria hist√≥ria numa hist√≥ria trist√≠ssima de supera√ß√£o porque ela sabe (sempre soube) que tem uma hist√≥ria de muit√≠ssimo privil√©gio, e √© isso. fazer o qu√™ se nasceu rica? vai fingir que n√£o? corret√≠ssima em focar s√≥ no bbb.",2026-01-19 01:40:03.189000+00:00,1,1,6,2026-01-19T01:40:06.134Z,marcelahippe.bsky.social,Marcela Hippe,did:plc:gjtr3gbdqjutpao2yer3sh5e,anapaula t√£o boa consciente tentou transformar pr√≥pria hist√≥ria hist√≥ria trist√≠ssima supera√ß√£o porque soube hist√≥ria muit√≠ssimo privil√©gio qu√™ nasceu rica fingir corret√≠ssima focar
at://did:plc:qhmqwop4lsxs47kggc335x3l/app.bsky.feed.post/3mct6n5jezc2e,bafyreihi323l2zo65wjcvsb6ickd3kfamqqw3fss7ap5afxrjwftexyiyu,"anapaula √© o mohamed ali do #bbb

todo mundo ali alterna entre guarda e troca√ß√£o, ela chega de bra√ßo solto, sapateia na frente do advers√°rio, todo mundo tenta conectar porque acha que ela t√° de guarda aberta e ela s√≥ desvia",2026-01-20 03:10:27.072000+00:00,0,0,10,2026-01-20T03:10:28.237Z,windblow.org,Steven Flow,did:plc:qhmqwop4lsxs47kggc335x3l,anapaula mohamed alterna guarda troca√ß√£o chega bra√ßo solto sapateia frente advers√°rio tenta conectar porque acha guarda aberta desvia
at://did:plc:seiuaotpedo2ejtmpj2a3adq/app.bsky.feed.post/3mcqek2y7sk2s,bafyreibaymr2b7nqbo4o7o4gvfaaciveudzm5zihwq2psbqt6o3or3iy5u,"anapaula √© uma entidade necess√°ria na casa, coloca ela a√≠ dentro todo ano, s√≥ que n√£o como participante, como funcion√°ria do bbb
todo ano ela entra e participa, t√° sempre no vip, n√£o participa das provas nem das vota√ß√µes, ela √© s√≥ uma entidade al√≠ dentro pra ca√ßar abusador",2026-01-19 00:18:06.987000+00:00,1,0,12,2026-01-19T00:18:07.535Z,lizazebot.bsky.social,Liz Azebot,did:plc:seiuaotpedo2ejtmpj2a3adq,anapaula entidade necess√°ria coloca dentro funcion√°ria entra participa vip participa provas vota√ß√µes entidade al√≠ dentro ca√ßar abusador
at://did:plc:7ygrt4odod4arqr7jqrqwtij/app.bsky.feed.post/3mcqla7iwa22j,bafyreifwmrk6nonswzuaos6sb2ys2ulpmzghyik676gu5lksdh4u33goaa,"numa coisa esse grupinho est√° certo: pra ganhar o bbb, eles vao ter que derrotar especificamente a anapaula  #bbb26",2026-01-19 02:17:52.376000+00:00,0,0,3,2026-01-19T02:17:53.537Z,olgu1ta.bsky.social,olgu1ta,did:plc:7ygrt4odod4arqr7jqrqwtij,grupinho certo vao derrotar especificamente anapaula
at://did:plc:fpo5edxnmo2ycw2qtdfdlv7s/app.bsky.feed.post/3mcixs2ttyk23,bafyreif2wyrzlkpn766kxpzxp4hxky5y7pl6k2sxzyehclmluir7xq3twa,esse mocreio achando q vai passar a perna na anapaula devia ter 10 anos no bbb dela,2026-01-16 01:41:18.466000+00:00,0,0,6,2026-01-16T01:41:18.835Z,augustolanches.bsky.social,üå≠üçïüçüAUGUSTUS FOODERIAüçîüåÆü•§,did:plc:fpo5edxnmo2ycw2qtdfdlv7s,mocreio achando passar perna anapaula devia 10 anos
at://did:plc:du4bbc2lsouth5kfcrqibhr4/app.bsky.feed.post/3mcubkca4pc2r,bafyreiguz4c3b6va4qcqk67g4hht3atrdlu7e424n33ft4vhbl6ltebsse,nan,2026-01-20 13:35:12.302000+00:00,0,1,4,2026-01-20T13:35:16.733Z,suxbernardo.bsky.social,Casca de ferida,did:plc:du4bbc2lsouth5kfcrqibhr4,nan
at://did:plc:lf7tsgwey4iqmbctdyu2mh2k/app.bsky.feed.post/3mcsg5ac3lc2b,bafyreifo34qtr6l37dsqbooy2726xnll2pzz6zg355qisc5wlgkhxdwnam,"agora vamos falar da anapaula renault? pois √©,mulher branca, privilegiada precisa entrar num bbb pra falar dentro da globo que uma semana de quarto branco √© tortura ""simmm"", que isso √© explorar as desigualdades sociais ""na tampa"", fome n√£o √© entretenimento, que cotas raciais s√£o repara√ß√£o hist√≥rica",2026-01-19 19:52:03.306000+00:00,1,0,17,2026-01-19T19:52:03.532Z,biaerafa.bsky.social,Bianka Schiavini ,did:plc:lf7tsgwey4iqmbctdyu2mh2k,anapaula renault pois mulher branca privilegiada precisa dentro quarto branco tortura simmm explorar desigualdades sociais tampa fome entretenimento cotas raciais repara√ß√£o hist√≥rica
at://did:plc:jqs453ktxco5ho5z46wardhp/app.bsky.feed.post/3mcbi27cxfc24,bafyreif5ehiuvttfqlxbwyayp5txrmmtmv5nynlmkyrvsnwxplkgf4v6uu,üö® anapaula renault (bbb 16) √© anunciada como veterana no #bbb26.,2026-01-13 02:10:53.528000+00:00,1,4,78,2026-01-13T02:11:23.134Z,tracklist.com.br,Tracklist,did:plc:jqs453ktxco5ho5z46wardhp,anapaula renault 16 anunciada veterana
at://did:plc:wx7vbeyhzjh3q546ajdxjolw/app.bsky.feed.post/3mcmfwqgqz225,bafyreid5dzt4w7wrtuqns3gccdssd3p2cxt6svxr4ui35pra6t2fsjrtoe,"bbb 26: ""crist√£o"", pedro acusa anapaula de macumba contra ele e sister rebate",2026-01-17 10:32:26.923000+00:00,1,1,4,2026-01-17T10:32:31.333Z,dcmonline.bsky.social,Di√°rio do Centro do Mundo,did:plc:wx7vbeyhzjh3q546ajdxjolw,26 crist√£o pedro acusa anapaula macumba contra rebate
at://did:plc:4f2oacookc2ft67g5opojva4/app.bsky.feed.post/3mclj7v75xs2u,bafyreih7gn2hib7zmlowrvd7st2tgsyu6j4gv4bbvuz6r7uqenjiycitzu,"o dourado acertou muito na escala√ß√£o da anapaula renault para esse bbb. √© cada fecho que ela d√° no pedro micro p√™nis e no brigideiro.
amando!

#bbb26",2026-01-17 01:58:35.384000+00:00,1,2,13,2026-01-17T01:58:36.628Z,sidvirtu.bsky.social,Sidney Santos üêªüè≥Ô∏è‚Äçüåà‚úäüèæ,did:plc:4f2oacookc2ft67g5opojva4,dourado acertou escala√ß√£o anapaula renault cada fecho d√° pedro micro p√™nis brigideiro amando
at://did:plc:6up3eklzxy3neblmiez4ncxa/app.bsky.feed.post/3mct3jgsnvs2j,bafyreieue2zsddfjkyz3xmjci72rypee35gpt44jjq4a3hdzamyyndndua,"a anapaula botando a milena em segundo ela se ajuda e ajuda a milena, direcionando todos para votar em aline ex riscado, a nossa namastreta.

#bbb #bbb26",2026-01-20 02:14:41.370000+00:00,0,0,2,2026-01-20T02:14:42.232Z,ducellos.bsky.social,Du.Cellos,did:plc:6up3eklzxy3neblmiez4ncxa,anapaula botando milena segundo ajuda ajuda milena direcionando aline ex riscado namastreta
at://did:plc:qrg7fgmwipo7376aajhnfvpa/app.bsky.feed.post/3mcld2wtexs27,bafyreih2lqtuclyjityrsreijxoqukit2nfu2ohicgmmeyitx6uwd4znhq,"anapaula sobre pedro: ‚Äúal√©m de querer me f*der com pol√≠tica, ele quer me f*der com religi√£o porque sabe que as pessoas s√£o preconceituosas com isso. ele quer me fazer escorregar de qualquer jeito.‚Äù #bbb26 #bbb",2026-01-17 00:08:26.882000+00:00,0,2,6,2026-01-17T00:08:26.637Z,leoavalon.bsky.social,L√©o Tavares,did:plc:qrg7fgmwipo7376aajhnfvpa,anapaula pedro al√©m querer f der pol√≠tica f der religi√£o porque pessoas preconceituosas escorregar qualquer
at://did:plc:rdkm7tyahhszzlrekmrlpgv5/app.bsky.feed.post/3mcibirgpc22h,bafyreics3xw27holgo3yngfxzetdzb3x4d22qjn5wzsvjk2xaz3zxkw5fm,eu amo a anapaula pq ela odeia o sonso do pedro tanto quanto eu hahahahaha #bbb26 #bbb,2026-01-15 19:02:24.289000+00:00,0,0,5,2026-01-15T19:02:25.032Z,siaht.bsky.social,Labubu da Shopee,did:plc:rdkm7tyahhszzlrekmrlpgv5,amo anapaula odeia sonso pedro tanto quanto hahahahaha
at://did:plc:2ruar6rgum65burg5jwthixl/app.bsky.feed.post/3mckvwoami52y,bafyreift55i44lbnejesanaghunllzqdz6qmed3fhpjodiwll2vqcolmga,"bbb 26: anapaula renault diz que aline √© ""autocentrista""",2026-01-16 20:13:24.878000+00:00,0,0,2,2026-01-16T20:13:26.229Z,cnn-brasil.bsky.social,CNN Brasil,did:plc:2ruar6rgum65burg5jwthixl,26 anapaula renault diz aline autocentrista
at://did:plc:6ul7iuo62rvnvh2lnls2oa3a/app.bsky.feed.post/3mcplxuv2as2e,bafyreigdkub7vkzt6b52kdhsscncducnok7rq2ez24gre4aniabfgmpmpe,eu n√£o sei pq achei isso aqui t√£o engra√ßado,2026-01-18 16:58:26.786000+00:00,0,2,14,2026-01-18T16:58:29.935Z,naktern.bsky.social,amira,did:plc:6ul7iuo62rvnvh2lnls2oa3a,sei achei t√£o engra√ßado
at://did:plc:npz4grap4wsno6zupmfplmrm/app.bsky.feed.post/3mcktun4qik2w,bafyreicsqlp2krxahdd5iqi72zx7ycfosn36dl3ek5dpklsgbsbqaeth7m,gente como pode a anapaula se meter de brigar com outro suposto pedofilo no bbb kkkkk a musa tem faro pra malandro,2026-01-16 19:36:29.250000+00:00,0,0,4,2026-01-16T19:36:29.530Z,brnss.bsky.social,,did:plc:npz4grap4wsno6zupmfplmrm,anapaula meter brigar outro suposto pedofilo musa faro malandro
at://did:plc:fth6iyscn5icq2trfb4kzitg/app.bsky.feed.post/3mcmss63puk2k,bafyreiacdrgyygvdu765dzrf2kg7e57onxsuhpoxcnlt3p2ggv6njaghze,acabei de ver a treta com a anapaula. tomara que o pedro receba um processinho por intoler√¢ncia religiosa #bbb,2026-01-17 14:22:32.115000+00:00,0,0,3,2026-01-17T14:22:32.729Z,isabara.bsky.social,isabella,did:plc:fth6iyscn5icq2trfb4kzitg,acabei treta anapaula tomara pedro receba processinho intoler√¢ncia religiosa
at://did:plc:dk644jtqur3mvxphdwuawi25/app.bsky.feed.post/3mcgsckrnav2f,bafyreicnuuyakaeyq5bhe33mnuyo7gplulqzhmzizpybcjc6dt7j2idige,jos√© diogo cotrim: anapaula renault teve que dar aula sobre cota racial para duas mulheres pretas no bbb,2026-01-15 04:57:50.115000+00:00,0,3,17,2026-01-15T04:57:52.136Z,marcianobrito.bsky.social,Marciano Brito,did:plc:dk644jtqur3mvxphdwuawi25,jos√© diogo cotrim anapaula renault aula cota racial duas mulheres pretas
at://did:plc:2bpuvzaecstiioj4s2hunomd/app.bsky.feed.post/3mcbkrkmccc2c,bafyreicdk3xfy5dpnx3ppy67nzaof55idegv3v2aqaqdh4h5wgj35ych3q,imagina a fiat patrocinando uma prova do bbb e censurando o nome da anapaula renault pra n√£o citar a concorr√™ncia,2026-01-13 02:59:44.630000+00:00,2,5,93,2026-01-13T02:59:45.229Z,carolborgesart.bsky.social,Carol Borges êöÅ,did:plc:2bpuvzaecstiioj4s2hunomd,imagina fiat patrocinando censurando nome anapaula renault citar concorr√™ncia
at://did:plc:b4fjokden33m6ngbaoa4r3dw/app.bsky.feed.post/3mcbhxmoyx22h,bafyreihp54vejx6nppktpaekojewzjtyutlrsf65c7lytiz7hyd5xr2tq4,caralho a anapaula renault conseguiu ser ex-bbb ex- a fazenda e agora ex-ex-bbb pra ser em breve ex-ex-ex-bbb,2026-01-13 02:09:26.917000+00:00,1,21,64,2026-01-13T02:09:28.335Z,sodaindie.bsky.social,malu father‚Ñ¢,did:plc:b4fjokden33m6ngbaoa4r3dw,caralho anapaula renault conseguiu fazenda breve
at://did:plc:afzqj2675hupbfpzotiahls3/app.bsky.feed.post/3mcdyowfcrk2n,bafyreic5iovemxma7fj4h4rrzf27snzjhrxrtv5tskpnpjerx7ntsydvmy,"anapaula autom√≥vel, por favor vire inimiga do legend√°rio frigidus

#bbb",2026-01-14 02:14:08.183000+00:00,0,0,9,2026-01-14T02:14:08.037Z,ferques.bsky.social,Space Runaway Fer,did:plc:afzqj2675hupbfpzotiahls3,anapaula autom√≥vel favor vire inimiga legend√°rio frigidus
at://did:plc:ombefbv46lutxbuvu4mz34ja/app.bsky.feed.post/3mcuan337522x,bafyreigvuw26xbb2jts6pqq4p22r7c4walehlvmvadfqie7j7vrlptnc5a,"j√° est√° a aline falando da anapaula 
ela ss√≥ faz isso
#bbb26 #bbb #redebbb ",2026-01-20 13:18:51+00:00,0,0,2,2026-01-20T13:18:52.032Z,fifisdotelefone.bsky.social,Fifis do Telefone | #AFazenda17,did:plc:ombefbv46lutxbuvu4mz34ja,aline falando anapaula ss√≥ faz
at://did:plc:r52gp4thd7rjpxqrnahahaue/app.bsky.feed.post/3mcszb3gctc2p,bafyreibl7ex7j6butqge4yukfiju2htzcx66c5moz7eqzzgp7vpz2dx6da,"a ex riscado inventando que a anapaula colocou alvo nela n√£o faz o menor sentido. 

anapaula nem lembra q vc ta casa, amiga. 
supera.

#bbb",2026-01-20 01:34:13.514000+00:00,0,0,1,2026-01-20T01:34:13.934Z,carinavd.bsky.social,Carina üíôüìö,did:plc:r52gp4thd7rjpxqrnahahaue,ex riscado inventando anapaula colocou alvo nela faz menor sentido anapaula lembra amiga supera
at://did:plc:56fuhztbhsqeq4eol4lhneth/app.bsky.feed.post/3mck7qomvpk2b,bafyreiekptz3gqz267ekz25iukhgvzf53dxbkp4qynuwtjy6tbwzw6r5ru,est√° me fazendo muito mal o bbb (s√≥ penso em anapaula renault),2026-01-16 13:36:21.775000+00:00,1,0,4,2026-01-16T13:36:22.331Z,grossomondo.bsky.social,thais,did:plc:56fuhztbhsqeq4eol4lhneth,fazendo mal penso anapaula renault
at://did:plc:jjplgukaj2mpvphcpmqoo4hb/app.bsky.feed.post/3mclilsg6ws2b,bafyreihlfmat2brjm2opw2cnwloihhxz363ic67yzqw3u5lvqfxdcof7qa,"eu n√£o aguento o quanto que o burro do pedro toma sacode da anapaula em toda conversa que ele tenta sacanear ela, fraco demais, fica parecendo uma crian√ßa se embolando nas mentiras (#bbb pro filtro dos mutuals)",2026-01-17 01:47:21.391000+00:00,1,0,6,2026-01-17T01:47:22.133Z,alumbrar.bsky.social,fancam do Maduro dan√ßando,did:plc:jjplgukaj2mpvphcpmqoo4hb,aguento quanto burro pedro toma sacode anapaula conversa tenta sacanear fraco demais fica parecendo crian√ßa embolando mentiras filtro mutuals
at://did:plc:nxerh2cxiaqk5berhiruxcrs/app.bsky.feed.post/3mcllbugghc25,bafyreifbqudrd7rk4uadiipcw7ylak6zagnqtykl6w2kc6fzn3tgkaoewy,oi anapaula vi vc quietinha vivendo sua vida no bbb o que voc√™ acha da pena de morte?,2026-01-17 02:35:29.178000+00:00,0,0,9,2026-01-17T02:35:29.731Z,priscilajolie.bsky.social,Pri Jolie,did:plc:nxerh2cxiaqk5berhiruxcrs,oi anapaula vi quietinha vivendo vida acha pena morte
at://did:plc:ewy7z2qdx5veyxk3z2rwfuzv/app.bsky.feed.post/3mcixurzaqc2d,bafyreib2gtiaq27r23wxa6dsri46uwadfpgrhl2zq6efx3ytsreqohiuzu,"e pensar que se o boninho ainda tivesse no bbb nunca mais ter√≠amos a anapaula no programa, ele teria voltado uma alane da vida #bbb26",2026-01-16 01:42:49.870000+00:00,1,0,7,2026-01-16T01:42:49.932Z,rapidoricardo.svd.cc,Rich,did:plc:ewy7z2qdx5veyxk3z2rwfuzv,pensar anapaula voltado alane vida
at://did:plc:axf75nucbxinzc5yl5jks3xg/app.bsky.feed.post/3mcnq6tgkes2w,bafyreiaaouzsnmnpfe6gq4t4kukio5jbpixi6ceu4fpvndwhao6kvuxruq,"eu n√£o sei se voc√™s sabem, mas eu formei na faculdade com a anapaula do bbb!

pegava carona com ela at√© o centro depois da aula, inclusive.",2026-01-17 23:08:35.642000+00:00,1,0,4,2026-01-17T23:08:36.233Z,cangrejo.bsky.social,visualizado e n√£o respondido no teams,did:plc:axf75nucbxinzc5yl5jks3xg,sei sabem formei faculdade anapaula pegava carona centro aula inclusive
at://did:plc:ympzlkria6ks5dtnbiipkqex/app.bsky.feed.post/3mcljp54mtc2i,bafyreig547tduv7ityiicw6i7wyuv2xsyo2wqdhfan6z3ca2rl7lgpet7e,o arrombado sorrindo quando a anapaula falolu q tava estressada     conseguiu o q queria q e desestabilizar ela #bbb,2026-01-17 02:07:07.017000+00:00,1,0,5,2026-01-17T02:07:07.729Z,wheinkyy.bsky.social,whein,did:plc:ympzlkria6ks5dtnbiipkqex,arrombado sorrindo anapaula falolu estressada conseguiu desestabilizar
at://did:plc:qdic5wzhk3j7gvzsod7j5cvr/app.bsky.feed.post/3mcuip4vhtk2w,bafyreihytr2s2nf52sxyuw2pmcv7r6djolzf6lw5x4ffv5hanq4ymb3cmy,essa aline do bbb eh chata p caralho paga de evolu√≠da e t√° resgatando coisa de 10 anos atr√°s achando que t√° fazendo um grande mousse 10 anos j√° minha filha vai viver ngm liga que a anapaula falou da sua roupa,2026-01-20 15:43:10.686000+00:00,1,0,2,2026-01-20T15:43:12.428Z,ripyourth.bsky.social,lu ‚ä¨ ‚ö¢,did:plc:qdic5wzhk3j7gvzsod7j5cvr,aline eh chata p caralho paga evolu√≠da resgatando 10 anos atr√°s achando fazendo grande mousse 10 anos filha viver ngm liga anapaula roupa
at://did:plc:fyostee3s6wh7xnfeegu64oa/app.bsky.feed.post/3mcuhknvb6s2q,bafyreih7gwgcdypyvsg4gsvin3o5hkjaq4c2zsds6j3i6ck7j2pefgwiwa,vamos aos fatos: essa edi√ß√£o do bbb s√≥ foi feita pra dar a vit√≥ria pra anapaula ü§∑üèΩ,2026-01-20 15:22:46.992000+00:00,0,0,2,2026-01-20T15:22:47.436Z,gvstt.bsky.social,who‚Äôs Madeline,did:plc:fyostee3s6wh7xnfeegu64oa,fatos feita vit√≥ria anapaula
at://did:plc:qhmqwop4lsxs47kggc335x3l/app.bsky.feed.post/3mcixrmzpkk2x,bafyreigklnqmxchnwmmija5xxfvvh3cvvk64vydvypjma5sbqb3nsbb5sm,"o maluco mais verde da hist√≥ria do programa tentando dar volta em anapaula fucking renault, make burrice vergonhosa again #bbb",2026-01-16 01:41:03.978000+00:00,0,0,6,2026-01-16T01:41:06.536Z,windblow.org,Steven Flow,did:plc:qhmqwop4lsxs47kggc335x3l,maluco verde hist√≥ria tentando volta anapaula fucking renault make burrice vergonhosa again
at://did:plc:qkak7k77cc2hu7624gj4cjds/app.bsky.feed.post/3mclbm2ejf22j,bafyreihrbxrqdcsr4ymbi3lgvzpw2bxpbn6msratyjs5xax6kegvgsdeie,"anapaula renault a primeira bbb q sigo no insta, extremamente carismatica, querida e correta nos seus posicionamentos, as outras? sonham",2026-01-16 23:42:13.530000+00:00,1,0,2,2026-01-16T23:42:18.635Z,empalnadinho.bsky.social,Cuzinho empalnadinho,did:plc:qkak7k77cc2hu7624gj4cjds,anapaula renault primeira sigo insta extremamente carismatica querida correta posicionamentos outras sonham
at://did:plc:q5677of5kqtr6jxfpbhx2yzu/app.bsky.feed.post/3mcqlqnvrf22a,bafyreibxnkatbndon2eegmcmmubk72sn4tubov5r5l4v5y4aa2kaxzt7d4,anapaula renault tem que ganhar esse bbb e eu mantenho minha palavra at√© o final,2026-01-19 02:27:04.348000+00:00,0,0,2,2026-01-19T02:27:05.936Z,acdfox.bsky.social,triz,did:plc:q5677of5kqtr6jxfpbhx2yzu,anapaula renault mantenho palavra final
at://did:plc:rr67sm2fnnz7yr2w33vjsz3r/app.bsky.feed.post/3mcqft6liks2p,bafyreic7kd73a64njbrqqhxypsj2rokeqru6hcap22hh2imfvwno3awcta,"anapaula, a nossa olivia benson farejando ped√≥filo e assediador e depois botando pra correr. #bbb",2026-01-19 00:41:06.495000+00:00,0,0,1,2026-01-19T00:41:07.331Z,altmelissa.bsky.social,Peste Labub√¥nica,did:plc:rr67sm2fnnz7yr2w33vjsz3r,anapaula olivia benson farejando ped√≥filo assediador botando correr
at://did:plc:rovs7k35giv42zqnwan5gup7/app.bsky.feed.post/3mcdyo57ll22x,bafyreieehd4qprekn4ovavyobjgkxjwt4anzk545dcat5uzektpvygncz4,"o legend√°rio eliminou a anapaula renault. ela j√° sabe do passado dele???

#alereality #bbb26 #bbb",2026-01-14 02:13:41.780000+00:00,0,1,11,2026-01-14T02:13:43.335Z,alexandrefelipe.bsky.social,‚òÜ Al√™ Reality ‚òÜ,did:plc:rovs7k35giv42zqnwan5gup7,legend√°rio eliminou anapaula renault passado alereality
at://did:plc:qhmqwop4lsxs47kggc335x3l/app.bsky.feed.post/3mce6fzxuqc2h,bafyreicnh57celcw2vprkfraaqjoqr67j3ngzabh3g5ocu4tuumgybmlim,anapaula segue firme na estrat√©gia de inserir flertes aleat√≥rios com os advers√°rios pra desestabiliz√°-los. jogadora demais. #bbb,2026-01-14 03:56:32.397000+00:00,0,2,18,2026-01-14T03:56:33.429Z,windblow.org,Steven Flow,did:plc:qhmqwop4lsxs47kggc335x3l,anapaula segue firme estrat√©gia inserir flertes aleat√≥rios advers√°rios jogadora demais
at://did:plc:mb2ldno2nstjoiownm2xsb5e/app.bsky.feed.post/3mcqs2nk5zs2p,bafyreihmyejjwhllgwcpndhnze6nvo6udepwzbb4gz6p6wnamvhjtkhhs4,"üö® pared√£o bbb: aline campos, anapaula e milena est√£o no pared√£o do #bbb26. quem deve sair?",2026-01-19 04:20:01.939000+00:00,0,0,0,2026-01-19T04:20:07.728Z,humorquecola.bsky.social,Humor Que Cola,did:plc:mb2ldno2nstjoiownm2xsb5e,aline campos anapaula milena deve
at://did:plc:77m7szcps5ahfhlj275enasd/app.bsky.feed.post/3mcsym6bjts2x,bafyreihmgvt2yftfykem2oarvrgsmiawryhw6hmxhnekt3zgvj5ve4u34a,√™ bolsominion de merda #bbb26,2026-01-20 01:22:31.850000+00:00,1,0,4,2026-01-20T01:22:34.330Z,mulherbeliche.bsky.social,Vivian,did:plc:77m7szcps5ahfhlj275enasd,√™ bolsominion merda
at://did:plc:rdkm7tyahhszzlrekmrlpgv5/app.bsky.feed.post/3mcibwej6t22h,bafyreibh37qdzdjum2zyd3i2zhjgwpn2k5fdjrsh6xjcjyyospmsybl3za,"tia milena crescendo no meu cora√ß√£o, foi criada por crente? foi. √© confusa? √©. mas t√° l√° aprendendo com a anapaula e o babu. #bbb26 #bbb",2026-01-15 19:10:00.501000+00:00,0,0,7,2026-01-15T19:10:00.737Z,siaht.bsky.social,Labubu da Shopee,did:plc:rdkm7tyahhszzlrekmrlpgv5,tia milena crescendo cora√ß√£o criada crente confusa aprendendo anapaula babu
at://did:plc:qhmqwop4lsxs47kggc335x3l/app.bsky.feed.post/3mcqmmgg2fc2h,bafyreifiyrpbul7othmlsgikngwap32umpudodchmxirjoeolbfbrzcacu,"babu: ""n√£o t√¥ sabendo jogar sendo amado"" #bbb ü•πü§è",2026-01-19 02:42:36.017000+00:00,0,14,101,2026-01-19T02:42:36.835Z,windblow.org,Steven Flow,did:plc:qhmqwop4lsxs47kggc335x3l,babu sabendo sendo amado
at://did:plc:t6mo3gdxr4263p3bsvn7ktym/app.bsky.feed.post/3mcscivknhc26,bafyreiaew2egnkhbjzxrgz26wddl5hb5ikk4t7t5b25btkcbmgcdefpbda,primeiro eliminado do lababu,2026-01-19 18:46:59.724000+00:00,0,0,30,2026-01-19T18:47:04.232Z,oigenbu.bsky.social,Genbu üçâ,did:plc:t6mo3gdxr4263p3bsvn7ktym,primeiro eliminado lababu
at://did:plc:tzpaafgby3335xvvnwm7ekei/app.bsky.feed.post/3mcqpdvj5rs22,bafyreia72dqeil5jue36vscap4djro7ithutnthl6eil3nlupr3pxpdcn4,sua m√£e odeia este homem?,2026-01-19 03:31:31.081000+00:00,1,0,27,2026-01-19T03:31:32.134Z,raposatriste.bsky.social,equipe ana castela roblox,did:plc:tzpaafgby3335xvvnwm7ekei,m√£e odeia homem
at://did:plc:u6limtouih2cs5rbrf2nmtkf/app.bsky.feed.post/3mcqs4yjp6s2v,bafyreib6idp6jg2rkzuluv6jpepsptbgvgnvvf2beiujbkk4np4tkhovva,"caralho o cowboy virou ‚Äúeu nunca vi o cara mais prestativo ganhar bbb voc√™ j√° viu babu? sen√£o voc√™ tinha ganhado‚Äù 

ihaaaaaaaaaa",2026-01-19 04:21:20.590000+00:00,2,0,42,2026-01-19T04:21:21.532Z,freeblowjob.deichator.ar,Clarice Xerector,did:plc:u6limtouih2cs5rbrf2nmtkf,caralho cowboy virou vi cara prestativo viu babu sen√£o ganhado ihaaaaaaaaaa
at://did:plc:2whzeyp6psmziq7jl2fohp5d/app.bsky.feed.post/3mcoeonx4pk2c,bafyreibzu4wvjpfqe3i5rt6pm4bjfckg35taicxw4vcaukpfy3774k7khi,"o babu j√° t√° olhando pro pedro com a mesm√≠ssima express√£o que olhava pro daniel no bbb 20, hahaha. como aquela edi√ß√£o foi boa, minha nossa. e essa t√° caminhando pra ser tb. #bbb26",2026-01-18 05:15:21.614000+00:00,0,3,26,2026-01-18T05:15:22.729Z,danielvaz.bsky.social,Daniel Vaz,did:plc:2whzeyp6psmziq7jl2fohp5d,babu olhando pedro mesm√≠ssima express√£o olhava daniel 20 boa caminhando
at://did:plc:is34cckbge5hd54rz3qqsbj3/app.bsky.feed.post/3mcthlze3fs25,bafyreifan2wymnq45infrgdbhlu3q2oyy5fb3hai73cx33a27wesbldz5i,"acho t√£√£√£√£o interessante ver como essa participa√ß√£o do babu difere do bbb 20. tem tantas pessoas mais abertas a ele, e pessoas com mais afinidade. est√° sendo uma experi√™ncia completamente diferente. #bbb26",2026-01-20 05:50:52.812000+00:00,0,1,16,2026-01-20T05:50:53.632Z,sirph.bsky.social,Sir PH,did:plc:is34cckbge5hd54rz3qqsbj3,acho t√£√£√£√£o interessante participa√ß√£o babu difere tantas pessoas abertas pessoas afinidade sendo experi√™ncia completamente diferente
at://did:plc:mvwiyh2vxrls6b4wgjbcmar4/app.bsky.feed.post/3mct4trdxpk2i,bafyreibx57xcit26zkkipkcd7sxmqy7ewlfqg2abop7i6uj3l744gpbin4,"nossa, o babu t√° total no foda-se nesse bbb n√©, t√° l√° pelo cheque e se der pra ganhar deu",2026-01-20 02:38:21.703000+00:00,0,0,4,2026-01-20T02:38:23.330Z,mateuscarvalho.bsky.social,Mateus Carvalho,did:plc:mvwiyh2vxrls6b4wgjbcmar4,babu total cheque der deu
at://did:plc:nazx3gthagjhyo2va2donowc/app.bsky.feed.post/3mct4ui3b5k2q,bafyreif7udxsu6ktdafimfamkkvwujv3htzi6t6unfkym62i2q65jbqkqa,"o babu depois de chamar a sol iarnuou de burra ""espero n√£o ter te ofendido"" 

#bbb",2026-01-20 02:38:45.542000+00:00,0,0,3,2026-01-20T02:38:46.932Z,danizzada.bsky.social,poupan√ßa muscular ‚ú†,did:plc:nazx3gthagjhyo2va2donowc,babu chamar sol iarnuou burra espero ofendido
at://did:plc:jzzybaadrhwvhfut4yzmcrg3/app.bsky.feed.post/3mcsfp5wnks2x,bafyreigphrzbk66jd3brzucgoilybwh6ebfovipiggn7gya3i46nrrt7he,o que me choca no babu √© que ele teve acesso a dinheiro depois dessa passagem pelo bbb e ainda assim consegue estar mais feio agora,2026-01-19 19:44:11.071000+00:00,1,0,5,2026-01-19T19:44:12.434Z,veashgente.bsky.social,veash,did:plc:jzzybaadrhwvhfut4yzmcrg3,choca babu acesso dinheiro dessa passagem assim consegue feio
at://did:plc:6opde6kue7clbgdhfqzbg4od/app.bsky.feed.post/3mckpdmzgoc2f,bafyreiaiiaddsg22c2d2tdzcvmiu5xurecjqxbs3dcqrwmpzpohnqlfque,"o babu felizinho, fazendo as compras, que nesse bbb ele vai comer
#bbb26",2026-01-16 18:15:23.749000+00:00,0,0,5,2026-01-16T18:15:24.337Z,rezoka.bsky.social,Renata ,did:plc:6opde6kue7clbgdhfqzbg4od,babu felizinho fazendo compras comer
at://did:plc:fi4thtdlksyc66ozqj4yamud/app.bsky.feed.post/3mcbhpmuj6c2r,bafyreigsfcrhwfeiym22uq3tgwkxbogpebjcfnnjpl7wefn55hlmqmwrde,"n√£o vou assistir esse bbb 

babu entra na casa...",2026-01-13 02:04:58.661000+00:00,5,18,161,2026-01-13T02:05:01.135Z,caixadoremedios.art,Remedios,did:plc:fi4thtdlksyc66ozqj4yamud,vou babu entra
at://did:plc:mgkqtylfno2gkkl4rtwry4js/app.bsky.feed.post/3mcitzmmy6c2e,bafyreics4cn54h55wajsrfdcdduzynlg7ikpycuxbvixkmtxyulmsc2srq,aline riscado sugeriu um sarau e o babu j√° cortou a ideia pela raiz üôè #bbb #bbb26,2026-01-16 00:33:57.029000+00:00,0,0,8,2026-01-16T00:33:58.029Z,fabiruiva.bsky.social,Fabiana,did:plc:mgkqtylfno2gkkl4rtwry4js,aline riscado sugeriu sarau babu cortou ideia raiz
at://did:plc:rovs7k35giv42zqnwan5gup7/app.bsky.feed.post/3mcdggxytik2x,bafyreibcbo6dknp7rlzs2naitozxturq3ckpaiq4seejvlh7fpjk5p2bbe,"babu forever!!! ü§ç
#alereality #bbb26 #bbb",2026-01-13 20:47:34.081000+00:00,1,4,25,2026-01-13T20:47:35.928Z,alexandrefelipe.bsky.social,‚òÜ Al√™ Reality ‚òÜ,did:plc:rovs7k35giv42zqnwan5gup7,babu forever alereality
at://did:plc:vra7v3d427dqkuohdiagvdyr/app.bsky.feed.post/3mcimspn3622j,bafyreihojtjglnjh2gwo6et53rhg4mhqbcwli6agftkrq7x5cfo3gxkkdq,üö®üö®üö®participante babu relembra o bbb 20 pela trig√©sima vez hoje!,2026-01-15 22:24:49.105000+00:00,0,0,7,2026-01-15T22:24:50.837Z,bttlborn.bsky.social,botle,did:plc:vra7v3d427dqkuohdiagvdyr,babu relembra 20 trig√©sima
at://did:plc:6up3eklzxy3neblmiez4ncxa/app.bsky.feed.post/3mct4v4ubgc2j,bafyreicmep2ugwfy2ruyvjnrq3c7idxdbpsqsl6v3wxhb2anzmgmt37lja,"que clim√£o babu e sol iarnou.

lembrando que mais cedo ele disse que odeia perguntas burras. ou seja, odeia burrice

#bbb #bbb26",2026-01-20 02:39:07.333000+00:00,0,0,2,2026-01-20T02:39:08.532Z,ducellos.bsky.social,Du.Cellos,did:plc:6up3eklzxy3neblmiez4ncxa,clim√£o babu sol iarnou lembrando cedo odeia perguntas burras odeia burrice
at://did:plc:5scckz2juvcsnh5uuv3tldpu/app.bsky.feed.post/3mcdcqsjws22i,bafyreiewyi6zkixcegpyxqju5y2ybpunx6jh6czzbvp7wbn5uhbq5r7a4m,vendo que babu t√° no bbb de novo e pensando que ele estava em dois dos melhores filmes brasileiros que estrearam ano passado (oeste outra vez e kasa branca).,2026-01-13 19:41:28.928000+00:00,8,9,144,2026-01-13T19:41:29.735Z,iwittmann.bsky.social,Isabel Wittmann ,did:plc:5scckz2juvcsnh5uuv3tldpu,vendo babu novo pensando dois melhores filmes brasileiros estrearam passado oeste outra kasa branca
at://did:plc:4xkr4rz3lwzdomqkn6zcnqao/app.bsky.feed.post/3mcbhzptso22j,bafyreiguhtee6bbjchxqhzwscbabvzj567qnbb6mscnnjgftmvtxllhssu,babu de volta ao bbb prova por a mais b que n√£o tem ainda estou aqui e o agente secreto que engane sobre como √© dif√≠cil viver de cinema no brasil.,2026-01-13 02:10:37.329000+00:00,8,176,619,2026-01-13T02:10:38.533Z,pedrosazevedo.bsky.social,Pedro Strazza,did:plc:4xkr4rz3lwzdomqkn6zcnqao,babu volta b agente secreto engane dif√≠cil viver cinema
at://did:plc:jqs453ktxco5ho5z46wardhp/app.bsky.feed.post/3mcbhjxp3ls24,bafyreifii2wpyjubq5myibvc76d5uljlg7k2j7sz36ffvyzr7l6jytqcdi,üö® babu (bbb 20) √© anunciado como veterano no #bbb26.,2026-01-13 02:01:48.672000+00:00,1,2,53,2026-01-13T02:02:29.732Z,tracklist.com.br,Tracklist,did:plc:jqs453ktxco5ho5z46wardhp,babu 20 anunciado veterano
at://did:plc:nazx3gthagjhyo2va2donowc/app.bsky.feed.post/3mcigepw75k2z,bafyreifaj44bzl2genp3emewppd7qcebvdpb3z77p7x5iopmxzvbqetnwe,juro!!! eu fiquei chocada em v√™ o babu novamente no bbb,2026-01-15 20:29:37.189000+00:00,0,0,3,2026-01-15T20:29:38.935Z,danizzada.bsky.social,poupan√ßa muscular ‚ú†,did:plc:nazx3gthagjhyo2va2donowc,juro fiquei chocada v√™ babu novamente
at://did:plc:ubji6txf3gdzwztlt2zegzdi/app.bsky.feed.post/3mcd7u3yud225,bafyreihfwawvvhfevujqkbtknawug4xby47xkvkuqwmqyjpjczd5o5blta,"estava vendo o video do babu recomendando o jones manoel no bbb e pensando como a esquerda ainda usa pouco esse sistema de recomenda√ß√µes n√©? que outros participantes possam recomendar outros comunicadores e ajudar a ampliar o p√∫blico.

a direita sempre usou isso, muito forte.",2026-01-13 18:49:38.291000+00:00,3,7,123,2026-01-13T18:49:38.632Z,crisvector.com,Cris,did:plc:ubji6txf3gdzwztlt2zegzdi,vendo video babu recomendando jones manoel pensando esquerda usa pouco sistema recomenda√ß√µes outros participantes possam recomendar outros comunicadores ajudar ampliar p√∫blico direita usou forte
at://did:plc:6zjhvoex7flgltulcdrhm2hc/app.bsky.feed.post/3mcklg4j5fk2a,bafyreia5pwdatm73qll5egeewewiuenu33otfsj4ldm5dpir7yxbc2r7jq,pensando aqui q o babu voltou pro bbb n√£o almejando o dinheiro do pr√™mio mas s√≥ pra ficar de boa e conhecer gente nova por uns meses,2026-01-16 17:05:12.135000+00:00,1,0,3,2026-01-16T17:05:12.736Z,infernity.bsky.social,ü¶îüêßceci,did:plc:6zjhvoex7flgltulcdrhm2hc,pensando babu voltou almejando dinheiro pr√™mio boa conhecer nova uns meses
at://did:plc:znsnmek5o6lb44v7xe4dphum/app.bsky.feed.post/3mccs7swwds2w,bafyreibb26wjn47rlhnmotaqglxauxoc5urhqkb365deqdisho2ttbkvzu,o bbb para o babu parece aquele freela chato que a gente pega quando n√£o tem nada muito em vista e quando as coisas melhoram a gente fala nunca mais vou pegar aquele freela chato e a√≠ piora de novo e a gente pega de novo #bbb,2026-01-13 14:45:39.060000+00:00,1,14,63,2026-01-13T14:47:10.438Z,paulagomes.bsky.social,Paula Gomes,did:plc:znsnmek5o6lb44v7xe4dphum,babu parece freela chato pega nada vista coisas melhoram fala vou pegar freela chato piora novo pega novo
at://did:plc:cxd44mhjkgcgllgbibt5fcma/app.bsky.feed.post/3mcpqbcbe4s24,bafyreictwhfpa7lcofk5iiekectzlwqazyfxbtvygcfvzvbs5sux4jkqwy,babu j√° passou pelo processo de ado√ß√£o e agora √© oficialmente pai de milena #bbb,2026-01-18 18:15:17.795000+00:00,0,0,1,2026-01-18T18:15:18.528Z,nonada.bsky.social,nonada,did:plc:cxd44mhjkgcgllgbibt5fcma,babu passou processo ado√ß√£o oficialmente pai milena
at://did:plc:322v3qhdmryipdzyhizguxok/app.bsky.feed.post/3mcgxarp5uc2r,bafyreieyf36epfumnssdvl625ho3jbsayso56ihlxkt326p5476bircauy,"babu falando sobre o planejamento impressionante da manu gavassi no #bbb20.

#bbb26

#bbb",2026-01-15 06:26:18.973000+00:00,0,0,4,2026-01-15T06:26:19.133Z,tutibraga.bsky.social,Tuti Braga,did:plc:322v3qhdmryipdzyhizguxok,babu falando planejamento impressionante manu gavassi bbb20
at://did:plc:322v3qhdmryipdzyhizguxok/app.bsky.feed.post/3mcrlqsknoc26,bafyreiglw2yrjlvqabrjpzp3masp5vaq3u7x4mllozhmjq75j7zy5q5mja,"babu falando sobre como foi gravar ""salve-se quem puder"" durante a pandemia.

e sobre a sa√≠da dele do bbb, tb na √©poca da pandemia. 

#bbb26

#bbb",2026-01-19 11:59:48.955000+00:00,0,0,1,2026-01-19T11:59:49.328Z,tutibraga.bsky.social,Tuti Braga,did:plc:322v3qhdmryipdzyhizguxok,babu falando gravar puder durante pandemia sa√≠da √©poca pandemia
at://did:plc:p6mxc6oscsxntj3bbru2t75z/app.bsky.feed.post/3mcobws6zec2q,bafyreialgconpsdkrmgc7s5szbyswhd2y3f3hjknqujww6jjxcz3rkws4i,"assisti 5 minutos de bbb com a menina de s√£o jo√£o d'alian√ßa/go e ela j√° lan√ßou ""top dimais"" ""arrocha"" ""carai babu to feliz dimais di ti conhecer"" (pq ele falou da cidade dela na televis√£o) tudo em goiano language kkkkkk bom demais ver goiano de vdd no bbb ao inv√©s dos harmonizados do marista #bbb26",2026-01-18 04:26:13.271000+00:00,1,0,5,2026-01-18T04:26:14.928Z,jumarrua.bsky.social,dra enjaulada comentando novelas,did:plc:p6mxc6oscsxntj3bbru2t75z,assisti 5 minutos menina jo√£o lan√ßou top dimais arrocha carai babu feliz dimais di ti conhecer cidade televis√£o tudo goiano language bom demais goiano vdd inv√©s harmonizados marista
at://did:plc:2bpuvzaecstiioj4s2hunomd/app.bsky.feed.post/3mcbhkp7yek2c,bafyreigt7hbo6smqyxigoddhq4hgfrz4zaatfgnc66n2ixlm5oioyc2wsu,s√≥ quem viveu 2020 comigo sabe o que eu passei com o babu no bbb puta que pariu n√£ooooooooooooooooooo eu n√£o quero sofrer tudo de novo meu deus naaao,2026-01-13 02:02:13.363000+00:00,5,3,58,2026-01-13T02:02:14.032Z,carolborgesart.bsky.social,Carol Borges êöÅ,did:plc:2bpuvzaecstiioj4s2hunomd,viveu 2020 comigo passei babu puta pariu n√£ooooooooooooooooooo quero sofrer tudo novo deus naaao
at://did:plc:cwos2yifxbzic2aclxkub4pp/app.bsky.feed.post/3mcbinpxm4c2o,bafyreibdodolkun5msndq7iezdxeoedg4rcf7r6eobiyg73k3o3koj2ewq,"colocarem babu na casa e n√£o colocarem ivy logo na sequ√™ncia foi um crime contra o entretenimento.

#bbb",2026-01-13 02:21:48.542000+00:00,3,2,19,2026-01-13T02:21:49.834Z,naosouindiano.bsky.social,"Que decep√ß√£o, hein, Bruno Souza...",did:plc:cwos2yifxbzic2aclxkub4pp,colocarem babu colocarem ivy sequ√™ncia crime contra entretenimento
at://did:plc:ye2pghqxp3sy3kkxqgbiebap/app.bsky.feed.post/3mcdiwiirvk27,bafyreihsowq5cwtgztjnwuneohdo5jbx5twqqu4n4zaz23y4gs4mpvhc3y,cogitando ver o bbb pela nova frente revolucion√°rio da esquerda brasileira babu e juliano floss,2026-01-13 21:32:02.182000+00:00,1,0,6,2026-01-13T21:32:06.845Z,artisdrama.bsky.social,kilpp,did:plc:ye2pghqxp3sy3kkxqgbiebap,cogitando nova frente revolucion√°rio esquerda brasileira babu juliano floss
at://did:plc:mgkqtylfno2gkkl4rtwry4js/app.bsky.feed.post/3mcdd3tsktk2i,bafyreidw3omi5vcpicoxugc4bieyvvj4h2vpo32jp3627gsqrzw3t4anse,babu elogiou jones manoel e juliano floss j√° chamou de futuro presidente. por essa eu n√£o esperava mesmo. #bbb #bbb26,2026-01-13 19:47:39.359000+00:00,0,0,10,2026-01-13T19:47:40.334Z,fabiruiva.bsky.social,Fabiana,did:plc:mgkqtylfno2gkkl4rtwry4js,babu elogiou jones manoel juliano floss chamou futuro presidente esperava
at://did:plc:y7v2xpkkghdvqgmmvawnxfkr/app.bsky.feed.post/3mcbiycu4jk2p,bafyreihuwtettf2stvwlemut6bgso536tjo3ch2dopb2d7s32qtrp2oeaq,"quem n√£o est√° fechado com babu est√° errado

babu √© o brasil no bbb",2026-01-13 02:27:43.895000+00:00,1,0,6,2026-01-13T02:27:46.138Z,brenoamaro.bsky.social,Breno Amaro üö©üè¥,did:plc:y7v2xpkkghdvqgmmvawnxfkr,fechado babu errado babu
at://did:plc:sohwgqmgezuai2iyap6b3aig/app.bsky.feed.post/3mcqurrqq422i,bafyreiakmx5n4bkuxcld2xxfanjeoidphgko2o437nn5fnbnxlamyce64y,"esse bbb ta mto deprimente por causa do pedro e por causa do babu q pra mim eh uma grande decep√ß√£o em v√°rios sentidos nunca mais queria saber desse home
apesar disso tenho interesse em ver e fomo",2026-01-19 05:08:45.608000+00:00,1,0,2,2026-01-19T05:08:47.431Z,avalovara.bsky.social,ana,did:plc:sohwgqmgezuai2iyap6b3aig,deprimente causa pedro causa babu mim eh grande decep√ß√£o v√°rios sentidos desse home apesar interesse fomo
at://did:plc:tt5gfdyj3ucwmv3u4gpy5vd3/app.bsky.feed.post/3mcdlvhfixc2x,bafyreibcnptc6lcrpvakq5besqgomklust3wd2gzqa4pzoyu74oblslia4,"n√£o entendo nada de bbb, mas se meu brother babu est√° l√°, j√° tem a minha torcida",2026-01-13 22:25:08.698000+00:00,0,0,6,2026-01-13T22:25:07.436Z,nickellis.bsky.social,Nick üññ,did:plc:tt5gfdyj3ucwmv3u4gpy5vd3,entendo nada babu
at://did:plc:xfso3sqba3ug76uxfe6q2cbl/app.bsky.feed.post/3mceyurgeus2v,bafyreihvokced6lyqwwqnos6grbildq6brwzb66dzxmwdj7qgy64lwwm5u,"em 2020 comecei a acompanhar o bbb pq achava mto escroto como tratavam o babu l√° dentro e queria mto ver ele ser respeitado, e quando o indagaram sobre o pente q ele usava no cabelo eu achei a resposta dele digna de uma ilustra√ß√£o, fico feliz em ver ele de volta e espero q ganhe dessa vez",2026-01-14 11:50:04.031000+00:00,1,4,17,2026-01-14T11:50:06.730Z,faelmds.bsky.social,"Fael, meu deus!",did:plc:xfso3sqba3ug76uxfe6q2cbl,2020 comecei acompanhar achava escroto tratavam babu dentro respeitado indagaram pente usava cabelo achei resposta digna ilustra√ß√£o fico feliz volta espero ganhe dessa
at://did:plc:gycvyiky5r4wdm57wg4cuc2j/app.bsky.feed.post/3mcb3dmf24s2e,bafyreibrjgjp6cc2hvytancb4cj2hs4fj73zfhzwbecav4qejv46fhdxr4,ningu√©m merece mais um ano o babu no bbb #bbb26,2026-01-12 22:23:30.599000+00:00,0,0,6,2026-01-12T22:23:34.539Z,paula12346.bsky.social,Paula  üëç üíã,did:plc:gycvyiky5r4wdm57wg4cuc2j,ningu√©m merece babu
at://did:plc:3ktnj24h7dtbophgpfqhxntw/app.bsky.feed.post/3mcdv7h24xc2g,bafyreiguohtmx3bpncayuaexjqwz3aukaf3ftvegmgmcywwbzndhyivqb4,cara o babu ta no bbb meu deus,2026-01-14 01:11:47.545000+00:00,1,0,3,2026-01-14T01:12:01.238Z,bobonha.bsky.social,auekassabalabadue,did:plc:3ktnj24h7dtbophgpfqhxntw,cara babu deus
at://did:plc:r52gp4thd7rjpxqrnahahaue/app.bsky.feed.post/3mcdp2rfar22j,bafyreiaxvr3q4r4mjlpqdgnhuo4sl5rildwgwkeiqpplpscfl2ix2nkv24,"uma pena o babu ter voltado pro bbb mas o fiuk n√£o. todo mundo sabe que o babu deu esporro no fiuk mesmo eles sendo de edi√ß√µes diferentes...

#bbb26",2026-01-13 23:21:48.171000+00:00,1,0,5,2026-01-13T23:21:48.632Z,carinavd.bsky.social,Carina üíôüìö,did:plc:r52gp4thd7rjpxqrnahahaue,pena babu voltado fiuk babu deu esporro fiuk sendo edi√ß√µes diferentes
at://did:plc:wibydqmozmosk23376vk4ddp/app.bsky.feed.post/3mcfcuxz2tc26,bafyreigrpix64t4s2ffxzngfqe4dtbluihdeyrbiu5dwa7bedjc5i2ecfm,"juro que foi por causa do babu no bbb que eu descobri que carioca √© visto como grosseiro pq eu entendia tudo que ele falava normalmente, mas quando entrava no twitter tavam massacrando ele pela suposta grosseria kkkkkkkkkkkk",2026-01-14 14:49:08.362000+00:00,1,0,5,2026-01-14T14:49:09.237Z,torturedlie.bsky.social,lie,did:plc:wibydqmozmosk23376vk4ddp,juro causa babu descobri carioca visto grosseiro entendia tudo falava normalmente entrava twitter tavam massacrando suposta grosseria kkkkkkkkkkkk
at://did:plc:wylct3mvw6xombpgqstcrjkc/app.bsky.feed.post/3mcbk2pumxc2s,bafyreibk73disfedn5r5dtxbxlykvcpz2bd2chzda3c4yve2icment4or4,pode fechar esse #bbb e entregar o pr√™mio para o babu.,2026-01-13 02:46:58.394000+00:00,1,0,4,2026-01-13T02:46:58.530Z,xettto.bsky.social,(T.),did:plc:wylct3mvw6xombpgqstcrjkc,fechar entregar pr√™mio babu
at://did:plc:hwagunyo43h452q4m763a6kx/app.bsky.feed.post/3mccpcqi6yc25,bafyreihm23lqpupvwdoqcy3ygoubaixx3evbcxsmsn2d7sa6ortd27zjzu,o babu no bbb de novo me fez lembrar disso aqui que fiz no animal crossing na √©poca do 20,2026-01-13 13:53:35.915000+00:00,2,0,9,2026-01-13T13:53:41.636Z,andreazevedo.bsky.social,jur√≠dico ana paula renault,did:plc:hwagunyo43h452q4m763a6kx,babu novo fez lembrar fiz animal crossing √©poca 20
at://did:plc:u23x2dljjn36qxzeqhbujgq7/app.bsky.feed.post/3mchk7xkxfs2f,bafyreidkvj4kwhhkcorzyx2y6obui6qdtnjd5ivwwftfaxswezpzmu33ny,"üëÄ bbb 26: babu alfineta manu gavassi e divide web: 'planta'

üì≤ www.ibahia.com/diversao/tv/...

#ibahia #bbb #bbb26 #babusantana #manugavassi #tv #realityshow #tvglobo #globo",2026-01-15 12:05:52.668000+00:00,0,0,1,2026-01-15T12:05:57.134Z,ibahia.bsky.social,ibahia,did:plc:u23x2dljjn36qxzeqhbujgq7,26 babu alfineta manu gavassi divide web ibahia babusantana manugavassi tv realityshow tvglobo
at://did:plc:wxifol6tegoaxu6tgpad252q/app.bsky.feed.post/3mcfbochlr22c,bafyreifukljghcgaroorynr6il7dsmxo3mcc4glxxm24hsksrhjswltvze,"se vc n√£o ama babu pfvr n√£o me dirija a palavra #bbb

vsf que acerto do boninho botar ele e a napaula nos veteranos",2026-01-14 14:27:30.700000+00:00,1,0,5,2026-01-14T14:27:31.835Z,elisapolonio.bsky.social,Eli P.,did:plc:wxifol6tegoaxu6tgpad252q,ama babu pfvr dirija palavra vsf acerto napaula veteranos
at://did:plc:7zvrm7ci3cwldpa4u4nk2llg/app.bsky.feed.post/3mcdvihyhrc2y,bafyreidurqbe2pvmntmiz6k2fwptjjecehl54czsmh4t5dk3znv7bblyki,seguinte: √© muito importante que eles se tornem amigos na casa,2026-01-14 01:16:50.527000+00:00,0,0,2,2026-01-14T01:16:53.333Z,alanacassano.bsky.social,Alana,did:plc:7zvrm7ci3cwldpa4u4nk2llg,seguinte importante tornem amigos
at://did:plc:jr3sdwcfxbzvc5o6yqzrttqc/app.bsky.feed.post/3mccm4d64bs2i,bafyreicztvz4xtcr54b2kv4qqackz25wl6acri4lczfsaykk45l3d3el4i,vou passar mal que o babu e a anapaula voltaram pro bbb,2026-01-13 12:56:19.404000+00:00,0,0,2,2026-01-13T12:56:42.553Z,lesbonilda.bsky.social,lesbonilda,did:plc:jr3sdwcfxbzvc5o6yqzrttqc,vou passar mal babu anapaula voltaram
at://did:plc:wzlhc5crgv4lqrkujmfjip6w/app.bsky.feed.post/3mcmlzdlimk2c,bafyreig2zxfkpqngd75svfm2wmlyscrtj7mwetiowlrt4cjawuptsbs3by,"acabei de ver um corte do babu falando de one piece no bbb, e infelizmente √© isso, n√£o existe mais competi√ß√£o pra one piece quando se trata de anime, vamos ter que mudar a categoria pra novela ou filme pra ver se algu√©m consegue bater de frente!!

√© o maior que temos e n√£o tem discuss√£o!!!",2026-01-17 12:21:16.555000+00:00,0,0,1,2026-01-17T12:21:17.532Z,caeioux.bsky.social,Cachorro Quente Caio,did:plc:wzlhc5crgv4lqrkujmfjip6w,acabei corte babu falando one piece infelizmente existe competi√ß√£o one piece trata anime mudar categoria novela filme algu√©m consegue bater frente maior discuss√£o
at://did:plc:zs2yk4eq2mnb5slvzctcpb67/app.bsky.feed.post/3mcbo4aeook2t,bafyreihzaqihx4urnue5ak3pcbrt2pd2cjbsuy3ch33l6llrt5pe3ov4ve,"melhor elenco de bbb dos √∫ltimos tempos. sol iarnu√¥, babu, camarotes realmente famosos (dona jura & henri castelli), vibe casa dos artistas

quem n√£o amar ta doido",2026-01-13 03:59:24.218000+00:00,1,1,9,2026-01-13T03:59:24.934Z,mariliamoscou.bsky.social,Imperatriz Paulista da N√£o-Monogamia,did:plc:zs2yk4eq2mnb5slvzctcpb67,melhor elenco √∫ltimos tempos sol iarnu√¥ babu camarotes realmente famosos dona jura henri castelli vibe artistas amar doido
at://did:plc:tcya7euhn3pgh7jldmufu5vs/app.bsky.feed.post/3mcbiopd2hk2z,bafyreig2jxy4edhtdjizpwluxvk3oigayrvwu77way2d3afxkoyqthwto4,mentira que babu ta no bbb!! adoro o divo üíóüíó,2026-01-13 02:22:21.422000+00:00,1,0,5,2026-01-13T02:22:21.532Z,ninadramas.bsky.social,Nina,did:plc:tcya7euhn3pgh7jldmufu5vs,mentira babu adoro divo
at://did:plc:2ruar6rgum65burg5jwthixl/app.bsky.feed.post/3mcbhnd5rty2b,bafyreie5ig74wl6v5wursz5ml36yse4uztletp33cv6dmi2jffddc44cr4,"bbb 26: babu, da edi√ß√£o 20, est√° no grupo veteranos",2026-01-13 02:03:41.250000+00:00,0,0,3,2026-01-13T02:03:41.834Z,cnn-brasil.bsky.social,CNN Brasil,did:plc:2ruar6rgum65burg5jwthixl,26 babu 20 grupo veteranos
at://did:plc:pvy27ucy3nhsm7q63fyiwfyj/app.bsky.feed.post/3mcckpiullc24,bafyreibgjbaspfzjd7aynajyqjfit7qrzqsj4kgawdopffm7daduc2flzu,me atualizei do bbb gra√ßas ao telegram e po n√£o √© possivel que botaram o babu e a sarah de novo t√° duro dorme vtnc,2026-01-13 12:31:15.434000+00:00,0,0,5,2026-01-13T12:31:16.631Z,hotlinege.bsky.social,Geg√™ - Nightmare Horror,did:plc:pvy27ucy3nhsm7q63fyiwfyj,atualizei gra√ßas telegram po possivel botaram babu sarah novo duro dorme vtnc
at://did:plc:2ruar6rgum65burg5jwthixl/app.bsky.feed.post/3mcdokwrpfg2b,bafyreihharkmbfy3lssjpogbqe73nycjyarw2wh6zlc3zqp6bkss5nkyaa,"bbb 26: sem saber de acordo com cruzeiro, babu prev√™ kaio jorge no flamengo",2026-01-13 23:12:56.806000+00:00,0,0,4,2026-01-13T23:12:57.546Z,cnn-brasil.bsky.social,CNN Brasil,did:plc:2ruar6rgum65burg5jwthixl,26 acordo cruzeiro babu prev√™ kaio jorge flamengo
at://did:plc:nnoiecqzlzatknbb7imzcovn/app.bsky.feed.post/3mccqvbptps2b,bafyreienx7swonl5xaklrnplpfo43ssvs2grimtm37ytfesdibfbovpg2u,o cinema nacional estourando e o babu indo nessa de bbb,2026-01-13 14:21:51.715000+00:00,0,0,1,2026-01-13T14:21:52.129Z,rafaohead.bsky.social,ùöõùöäùöèùöä_,did:plc:nnoiecqzlzatknbb7imzcovn,cinema nacional estourando babu indo
at://did:plc:mz2nesznhwe2boaz2xr6426y/app.bsky.feed.post/3mccux4zuqc2a,bafyreifl5pyech3fqhwo3v2jks3fowchyw3rfumr6b25ezadpib67lb7c4,como assim o babu t√° no bbb de novo pra que isso meu deus,2026-01-13 15:34:28.877000+00:00,1,0,1,2026-01-13T15:34:29.032Z,heatten.bsky.social,gabriel,did:plc:mz2nesznhwe2boaz2xr6426y,assim babu novo deus
at://did:plc:gkacwcbguisgv62dxiinbyh2/app.bsky.feed.post/3mcffps37dc2o,bafyreidhhsc3n7bvdmcrqvna2dalcysaw7fmpgk435hisnbdslc6ynzsny,"pera√≠, pera√≠, pera√≠...!

o babu deixou um espet√°culo de sucesso como ""os irm√£os karam√°zov"", pelo qual ele chegou a ser premiado*, pra voltar pro bbb?!

*pr√™mio bibi ferreria, que ainda n√£o √© t√£o levado a s√©rio (mas ainda assim, um pr√™mio)",2026-01-14 15:39:55.588000+00:00,0,0,2,2026-01-14T15:39:58.134Z,duarte-pedroa.bsky.social,pedro a duArte,did:plc:gkacwcbguisgv62dxiinbyh2,pera√≠ pera√≠ pera√≠ babu deixou espet√°culo sucesso irm√£os karam√°zov chegou premiado voltar pr√™mio bibi ferreria t√£o levado s√©rio assim pr√™mio
at://did:plc:fuc4o63yfrmzrdwk6qswnich/app.bsky.feed.post/3mcbklodjdc2e,bafyreifc4hjlcvgq242qywnbmxnrimp2vkrymzjvip3mz4jimyvgbyutyu,o babu voltar ao #bbb dep√µe contra o programa e a falsa ideia de que ele catapulta carreiras de camarotes. triste.,2026-01-13 02:56:27.210000+00:00,1,0,1,2026-01-13T02:56:28.035Z,pablocardoso.bsky.social,Pablo Cardoso,did:plc:fuc4o63yfrmzrdwk6qswnich,babu voltar dep√µe contra falsa ideia catapulta carreiras camarotes triste
at://did:plc:ysjhtrhazpzbi5mbcp3exs2n/app.bsky.feed.post/3mcbz24p7p22g,bafyreifdpvojjazzkvcupl5nguhqvvvunoqopotkrb3eiq7vkwha3odlxu,"eu sei l√° se vou assistir a esse bbb, mas aqui vai minha leve contribui√ß√£o sobre 2 veteranos de 2 edi√ß√µes que acompanhei muito: anapaula e babu. ana √© extremamente carism√°tica e sabe gerar entretenimento espont√¢neo, √© algu√©m super interessante de acompanhar, mesmo. babu sabe externar sentimentos",2026-01-13 07:15:04.415000+00:00,2,0,1,2026-01-13T07:15:05.030Z,thaytha.bsky.social,Tha,did:plc:ysjhtrhazpzbi5mbcp3exs2n,sei vou leve contribui√ß√£o 2 veteranos 2 edi√ß√µes acompanhei anapaula babu ana extremamente carism√°tica gerar entretenimento espont√¢neo algu√©m super interessante acompanhar babu externar sentimentos
at://did:plc:7z2o6tnlwwyibrct5wcdosrl/app.bsky.feed.post/3mcbpu2pxjx22,bafyreibryi2voukasdm36h7twmapf6p7i337uiuf5lqobilx6yloyljvci,"itens dos √∫ltimos 30 minutos üß≠:

1. bbb
2. trov√£o
3. resolve
4. pr√©dio
5. digimon
6. globo
7. ouro
8. instagram
9. tr√™sgra√ßas
10. babu

an√∫ncio: @terraprotege.bsky.social.",2026-01-13 04:30:37.226000+00:00,0,0,4,2026-01-13T04:30:37.430Z,trending-pt.bsky.social,Tend√™ncias - Portugu√™s,did:plc:7z2o6tnlwwyibrct5wcdosrl,itens √∫ltimos 30 minutos trov√£o resolve pr√©dio digimon ouro instagram tr√™sgra√ßas babu an√∫ncio
at://did:plc:x7lydmudjfl4wl5q4sqnvblc/app.bsky.feed.post/3mbzvo5va422t,bafyreifviehlvh4qllt5a57dxj3jemyg55lg2h4wopfisan2kwr76gezlq,"menina, foi babado üòµ‚Äçüí´ü§°
eu gostei muito do bbb do babu e a patricinha manu gavassi",2026-01-10 01:53:23.881000+00:00,1,0,1,2026-01-10T01:53:26.435Z,aline-o.bsky.social,line‚òÄÔ∏è,did:plc:x7lydmudjfl4wl5q4sqnvblc,menina babado gostei babu patricinha manu gavassi
at://did:plc:k43ha6nlknmdw4owymqnvcat/app.bsky.feed.post/3mcduple4sq2i,bafyreiewpe7ydl3xh5b5jeqv2hpqvn3puxfn64oidhqy2f446tl564fx3a,"
bluesky's top 10 trending words (past 60min):
üí®x1* - epstein üîì
üí®x1* - democracy üîì
üí®x1* - ukraine üîì
üí®x93 - claudette
üí®x92 - dilbert
üí®x92 - colvin
üí®x86 - 1Ôπê670
üí®x1* - gaza üîì
üí®x59 - bilheteria
üí®x54 - weathers
*üîì = unlocked emergency words (see img)

#listentoblackvoices

(something not right? reply!)",2026-01-14 01:02:56.321290+00:00,0,0,1,2026-01-14T01:02:55.834Z,hourlybreezing.ntw.app,‚òÅÔ∏èHourlyü§ñBreezingüí®,did:plc:k43ha6nlknmdw4owymqnvcat,bluesky top 10 trending words past 60min epstein democracy ukraine claudette dilbert colvin gaza bilheteria weathers unlocked emergency words see img listentoblackvoices something not right reply
at://did:plc:6jih63ihwtsshxe2f7rfx44c/app.bsky.feed.post/3mcd5sul4y22a,bafyreieyp2dxohifsvzqiwibpkc4pvctovqejlkrnn5ceqjk4zevmddbem,at√© o momento n√£o assisti o bbb ent√£o s√≥ entendi que o babu e a dona jura est√£o l√° e os outros nomes que li parecem inventados,2026-01-13 18:13:09.465000+00:00,1,0,0,2026-01-13T18:13:17.329Z,igotblues.bsky.social,tha√≠s,did:plc:6jih63ihwtsshxe2f7rfx44c,assisti entendi babu dona jura outros nomes li parecem inventados
at://did:plc:havp2qrjjuwhcfnnbgyfo54w/app.bsky.feed.post/3mcbhkcx53c2l,bafyreievwgrt5mt5lamqw4wpfnypocrn2wrfcongavvqcy2sokkxvehare,babu de volta no bbb aff!,2026-01-13 02:02:00.490000+00:00,0,0,0,2026-01-13T02:02:06.354Z,jletty.bsky.social,Ju,did:plc:havp2qrjjuwhcfnnbgyfo54w,babu volta
at://did:plc:77m7szcps5ahfhlj275enasd/app.bsky.feed.post/3mcbigm5d2c2q,bafyreibqtfeqob5zthubo7wl6cgv52cqfux3emmx7atevmgcabcyal3inm,"eu quero ver o que vai acontecer com a renault e o babu, porque ela sempre falou muita merda dele quando ele tava no bbb",2026-01-13 02:17:49.654000+00:00,0,0,1,2026-01-13T02:17:51.435Z,mulherbeliche.bsky.social,Vivian,did:plc:77m7szcps5ahfhlj275enasd,quero acontecer renault babu porque muita merda
at://did:plc:gmrdy7mkkg7lwt67hlwsjmka/app.bsky.feed.post/3mcbjabzapc2x,bafyreibznn353n3cuj3ta6wnly6aup7c5pauvhyq36gobmvjxbokyjm4ni,e assim o babu fez uns filmes depois do bbb e ainda assim,2026-01-13 02:32:11.449000+00:00,1,0,2,2026-01-13T02:32:12.834Z,vivianemotosserra.bsky.social,vivi,did:plc:gmrdy7mkkg7lwt67hlwsjmka,assim babu fez uns filmes assim
at://did:plc:gwmbwf7kefyyfgtbxj3b2l36/app.bsky.feed.post/3mct567s5gs2x,bafyreifhvpaynq4mw4kxv7znar6hi7umbk2lz4bmj4mmfs5lfpfb6btvge,"babu extremamente zen nesse bbb, vai chegar no p√≥dio se manter essa tranquilidade",2026-01-20 02:44:12.400000+00:00,0,0,0,2026-01-20T02:44:12.937Z,nub1a.bsky.social,Ndemuito,did:plc:gwmbwf7kefyyfgtbxj3b2l36,babu extremamente zen chegar p√≥dio manter tranquilidade
at://did:plc:l4dngcbgffcpcbnwmjnr2yqs/app.bsky.feed.post/3mcbhn3ruu22z,bafyreiezcijs43ese7btnt5h72v4cqu43saqxti6r52yob2morimcz5i3e,"na moral, eu fico triste com o babu no bbb. o cara √© um puta ator, era pra estar a√≠ no circuito de filmes premiados, tirando foto nos tapetes vermelhos mundo afora",2026-01-13 02:03:33.641000+00:00,0,0,0,2026-01-13T02:03:34.436Z,allannobrega.com.br,Allan N√≥brega,did:plc:l4dngcbgffcpcbnwmjnr2yqs,moral fico triste babu cara puta ator circuito filmes premiados tirando foto tapetes vermelhos afora
at://did:plc:ombefbv46lutxbuvu4mz34ja/app.bsky.feed.post/3mcbhptkzsb24,bafyreigfrkwqwm66rcohtuiqgdp245fyqgmcb44hbri6allcrh23vbbw5i,"üîÑ babu √© um dos veteranos confirmados no #bbb26! o ator participou do bbb 20 e retorna ao programa com 46 anos e, claro, continua no rio de janeiro, rj! tavam com saudades do paiz√£o? #redebbb
#bbb26 #bbb ",2026-01-13 02:05:04+00:00,0,1,3,2026-01-13T02:05:06.231Z,fifisdotelefone.bsky.social,Fifis do Telefone | #AFazenda17,did:plc:ombefbv46lutxbuvu4mz34ja,babu veteranos confirmados ator participou 20 retorna 46 anos claro continua rio janeiro rj tavam saudades paiz√£o
at://did:plc:mcb6n67plnrlx4lg35natk2b/app.bsky.feed.post/3mcqn2pqfq72y,bafyreie4zjlnej4aibkoqhehjs6zl247eakzahev7dfsd2zmyqjutqhivq,"
bluesky's top 10 trending words (past 10min):
üí®x181 - caleb
üí®x100 - mcvay
üí®x89 - voto
üí®x72 - pope
üí®x62 - rams
üí®x56 - votar
üí®x56 - kmet
üí®x1* - epstein üîì
üí®x52 - williams
üí®x52 - bridgerton
*üîì = unlocked emergency words (see img)

#–π–æ–±–∞–Ω–∞—Ä—É—Å–Ω—è üá∫üá¶

(something not right? reply!)",2026-01-19 02:50:36.809946+00:00,0,0,0,2026-01-19T02:50:36.332Z,nowbreezing.ntw.app,‚òÅÔ∏èNowü§ñBreezingüí®,did:plc:mcb6n67plnrlx4lg35natk2b,bluesky top 10 trending words past 10min caleb mcvay pope rams kmet epstein williams bridgerton unlocked emergency words see img –π–æ–±–∞–Ω–∞—Ä—É—Å–Ω—è something not right reply
at://did:plc:ombefbv46lutxbuvu4mz34ja/app.bsky.feed.post/3mcf6gbobkc2w,bafyreifhz5jqpm4vzxyhf4gmowjgzo2ikxideqddxywvw4xx6cyyvrkta4,"babu desistiu da prova do l√≠der 
#bbb26 #bbb #redebbb ",2026-01-14 13:29:19+00:00,0,1,2,2026-01-14T13:29:21.134Z,fifisdotelefone.bsky.social,Fifis do Telefone | #AFazenda17,did:plc:ombefbv46lutxbuvu4mz34ja,babu desistiu l√≠der
at://did:plc:mcb6n67plnrlx4lg35natk2b/app.bsky.feed.post/3mcbilpvhhc24,bafyreibvrl47rm7nptlk7g3f63bkxxoh4f266nojf2akdahqkadhnlfngq,"
bluesky's top 10 trending words (past 10min):
üí®x114 - stroud
üí®x95 - solange
üí®x89 - bbb
üí®x1* - epstein üîì
üí®x64 - babu
üí®x56 - cj
üí®x49 - veteranos
üí®x47 - paula
üí®x45 - dona
üí®x44 - edilson
*üîì = unlocked emergency words (see img)

#listentoblackvoices

(something not right? reply!)",2026-01-13 02:20:41.593670+00:00,0,0,0,2026-01-13T02:20:41.935Z,nowbreezing.ntw.app,‚òÅÔ∏èNowü§ñBreezingüí®,did:plc:mcb6n67plnrlx4lg35natk2b,bluesky top 10 trending words past 10min stroud solange epstein babu cj veteranos paula dona edilson unlocked emergency words see img listentoblackvoices something not right reply
at://did:plc:gkpwvighanweocgoffobi6l4/app.bsky.feed.post/3mcbkihmhrs22,bafyreicadbmqciplierakb2nnehumkzo62qmgiz2hm4uxl5yld2iyel2j4,"elenco completo! o #bbb26 come√ßou com tudo! solange couto e henri castelli est√£o no camarote, e veteranos como anapaula renault e babu est√£o de volta. veja a lista completa!
 #bigbrotherbrasil #bbb üîó pipocamoderna.com.br/2026/01/bbb-...",2026-01-13 02:54:39.500000+00:00,0,0,0,2026-01-13T02:57:16.035Z,pipocamoderna.bsky.social,Pipoca Moderna,did:plc:gkpwvighanweocgoffobi6l4,elenco completo come√ßou tudo solange couto henri castelli camarote veteranos anapaula renault babu volta veja lista completa bigbrotherbrasil
at://did:plc:mcb6n67plnrlx4lg35natk2b/app.bsky.feed.post/3mcbmiy2a6f2y,bafyreicydoqvpomzqljlrdsff65oh5eensdta7eyc4jtxuh5wfy4as3nxe,"
bluesky's top 10 trending words (past 10min):
üí®x71 - stroud
üí®x61 - ‰πÖÁ±≥
üí®x57 - texans
üí®x44 - rodgers
üí®x1* - epstein üîì
üí®x1* - democracy üîì
üí®x32 - bbb
üí®x27 - cj
üí®x25 - bovino
üí®x22 - „Çπ„ÉÜ„Éº„Ç∑„Éß„É≥
*üîì = unlocked emergency words (see img)

#–π–æ–±–∞–Ω–∞—Ä—É—Å–Ω—è üá∫üá¶

(something not right? reply!)",2026-01-13 03:30:44.489947+00:00,0,0,0,2026-01-13T03:30:44.736Z,nowbreezing.ntw.app,‚òÅÔ∏èNowü§ñBreezingüí®,did:plc:mcb6n67plnrlx4lg35natk2b,bluesky top 10 trending words past 10min stroud ‰πÖÁ±≥ texans rodgers epstein democracy cj bovino „Çπ„ÉÜ„Éº„Ç∑„Éß„É≥ unlocked emergency words see img –π–æ–±–∞–Ω–∞—Ä—É—Å–Ω—è something not right reply
at://did:plc:mcb6n67plnrlx4lg35natk2b/app.bsky.feed.post/3mcblffyrri2e,bafyreifzfj4aufpl7thad7o5zxoow5sxbtmae3ke2x7bnagncmiyqtswca,"
bluesky's top 10 trending words (past 10min):
üí®x294 - stroud
üí®x129 - cj
üí®x1* - epstein üîì
üí®x33 - texans
üí®x1* - democracy üîì
üí®x25 - steelers
üí®x22 - bovino
üí®x22 - bbb
üí®x18 - turnovers
üí®x17 - perfidy
*üîì = unlocked emergency words (see img)

#freepalestine üáµüá∏

(something not right? reply!)",2026-01-13 03:10:51.135685+00:00,0,0,0,2026-01-13T03:10:54.937Z,nowbreezing.ntw.app,‚òÅÔ∏èNowü§ñBreezingüí®,did:plc:mcb6n67plnrlx4lg35natk2b,bluesky top 10 trending words past 10min stroud cj epstein texans democracy steelers bovino turnovers perfidy unlocked emergency words see img freepalestine something not right reply
at://did:plc:ombefbv46lutxbuvu4mz34ja/app.bsky.feed.post/3mcqoxdjnb42f,bafyreiazmkuxbo6lfbvnze7gbeb5qgv722gqcpbt436rkrnclmzaqtod7a,"üö®se voc√™ for #foraanapaula curte, comenta e compartilha
#bbb26 #bbb #redebbb",2026-01-19 03:24:28+00:00,0,0,0,2026-01-19T03:24:30.130Z,fifisdotelefone.bsky.social,Fifis do Telefone | #AFazenda17,did:plc:ombefbv46lutxbuvu4mz34ja,foraanapaula curte comenta compartilha
