uri,cid,text,created_at,reply_count,repost_count,like_count,indexed_at,author_handle,author_display_name,author_did
at://did:plc:vlhpwoomawpontli3gpvxavc/app.bsky.feed.post/3mcbj5orpck26,bafyreieete4l7vahbnk6qm2uflak4atu25xs7mayr4mr4jjitb2ns6vl3q,"Ivy j√° fazendo o mutir√£o #forababu 
#bbb26",2026-01-13 02:30:44.171000+00:00,0,0,2,2026-01-13T02:30:50.730Z,thainventa.bsky.social,Thaisa,did:plc:vlhpwoomawpontli3gpvxavc
at://did:plc:ksh7ckrh4fyn3oog46xlovsf/app.bsky.feed.post/3mcbnq4ald223,bafyreicqqeylyp4mz623co3k2ncdqzw2ugmgijektd73lvliojduezaiuy,"Ele √© muito chato kkkkkk na outra edi√ß√£o torci pra ele sair, nesse, nem come√ßou j√° sou #ForaBabu kkkkkkkkkk",2026-01-13 03:52:37.236000+00:00,0,0,1,2026-01-13T03:52:38.230Z,francastro.bsky.social, –§—Ä–∞–Ω –ö–∞—Å—Ç—Ä–æ,did:plc:ksh7ckrh4fyn3oog46xlovsf
at://did:plc:ksh7ckrh4fyn3oog46xlovsf/app.bsky.feed.post/3mcbmbkygas23,bafyreibshi4geq74bmmvq754hua7u2qtgght2tshtm6ahnglflypnfn36u,"O @BBB nem come√ßou e j√° sou #ForaBabu 

#TeamMarcelinho #BBB26 #RedeBBB",2026-01-13 03:26:35.640000+00:00,0,0,0,2026-01-13T03:26:36.036Z,francastro.bsky.social, –§—Ä–∞–Ω –ö–∞—Å—Ç—Ä–æ,did:plc:ksh7ckrh4fyn3oog46xlovsf
at://did:plc:ksh7ckrh4fyn3oog46xlovsf/app.bsky.feed.post/3mccize6uv22u,bafyreifgoqffkrwy4s74n5hkt7v6izpbyyj2kaut3rykw2swbqifbbjmvm,"Amo essa amizade!! 

@oxemarcelinho: ‚Äúachei q a Fernanda ia entrar‚Äù 
@anapaularenault: ‚Äúe eu a Ivy pra votar no Babu‚Äù   

Aninha amore, j√° somos #ForaBabu 

#RedeBBB #BBB26",2026-01-13 12:00:58.586000+00:00,0,0,0,2026-01-13T12:01:05.336Z,francastro.bsky.social, –§—Ä–∞–Ω –ö–∞—Å—Ç—Ä–æ,did:plc:ksh7ckrh4fyn3oog46xlovsf
at://did:plc:q3rjlpj5i7leyv2cef7dfwfc/app.bsky.feed.post/3mcgvahxb2c2u,bafyreid3f3nlswx2dema2cpszxqpcidzts3v7lvcw7r7pzgesggxprd2gq,"E quando o Babu descobrir que a Ana Paula puxou um #ForaBabu na edi√ß√£o dele????
#BBB26",2026-01-15 05:50:21.267000+00:00,1,0,0,2026-01-15T05:50:21.030Z,l3l3ck4.bsky.social,L3l3ck4 ,did:plc:q3rjlpj5i7leyv2cef7dfwfc
at://did:plc:wrfz6gvjqduh6kwh5rzvr36i/app.bsky.feed.post/3mcbhktotns2q,bafyreier7oeuxpoqrhftszvbfyigh42qotvwve6cnygn24f42kbqm5gojq,ja sou #TeamBabu ‚úåÔ∏è‚ú® #BBB26,2026-01-13 02:02:18.044000+00:00,0,0,0,2026-01-13T02:02:18.330Z,jaquezux.bsky.social,jaque.,did:plc:wrfz6gvjqduh6kwh5rzvr36i
at://did:plc:jjcfdyu7ydtuud7jg6ganwtw/app.bsky.feed.post/3mcbfrhgohk2p,bafyreidodijeex5otzfcwneos7ydbjs3dnt4e6magucmm2drvyclio5zkm,se o babu voltar mesmo serei #teamBabu at√© o fim,2026-01-13 01:30:12.591000+00:00,0,0,0,2026-01-13T01:30:13.936Z,voltandoao405.bsky.social,concurso de sosia davi brito,did:plc:jjcfdyu7ydtuud7jg6ganwtw
at://did:plc:iprsguqsz7pzgpdckko2qu5c/app.bsky.feed.post/3mcbiht62z227,bafyreidqok6znszegzbzpj4hm23nr4qkjq3oci7h7uz7plwzlhc6ftd4xa,E mais uma vez vamos de #TeamBabu,2026-01-13 02:18:30.572000+00:00,0,0,0,2026-01-13T02:18:29.696Z,elimafra.bsky.social,Elisa Mafra,did:plc:iprsguqsz7pzgpdckko2qu5c
at://did:plc:wptswlp3mrcsiyfln6ugricj/app.bsky.feed.post/3mcdjvode7s2h,bafyreicnvrshhap2iyv42cczrwuavmscafvgty72tiyrpu6iu3wfikssdq,"Eu 3h atr√°s: Esse ano n√£o vou assistir BBB
Eu vendo que o Babu est√°  no BBB: Esque√ßa tudo o que falei. Vou ter que assistir sim e ser #TeamBabu mais um ano!",2026-01-13 21:49:28.484000+00:00,0,0,0,2026-01-13T21:49:30.228Z,elosemh.bsky.social,Elo üö©üá™üá™ü´∞üèª,did:plc:wptswlp3mrcsiyfln6ugricj
at://did:plc:ulwao7ndua3xppebdwn3kwty/app.bsky.feed.post/3mcqamjkuts23,bafyreicwlp4xzn7qabrychyyza34yorosh4kirh575cc6nqeu7g2dqkfky,Ana Paula sente cheiro de assediador #BBB,2026-01-18 23:07:54.420000+00:00,3,27,193,2026-01-18T23:07:55.332Z,felipeabal.viracasacas.com,Felipe Abal,did:plc:ulwao7ndua3xppebdwn3kwty
at://did:plc:h6n3z5vatkm6ortaao5cddhd/app.bsky.feed.post/3mct4z2hwdc2j,bafyreice4iv3hlphac63z4x7c7a7y4mgb7jkfqvzes2mclxn36aoovdfri,Off se eu entrasse no bbb e ana paula me rejeitasse eu apertava o botao pra sair #bbb,2026-01-20 02:41:19.034000+00:00,1,45,227,2026-01-20T02:41:20.832Z,marish.bsky.social,Planeta Chup√£o ‚òÑÔ∏è,did:plc:h6n3z5vatkm6ortaao5cddhd
at://did:plc:4436cdvz3koc4exf3tct3sdn/app.bsky.feed.post/3mcqei2fi2s2r,bafyreihwe4fb6ddxd457a5niokoaqobv4feqwf23evi3ja2lstcep3rwsa,ana paula bbb os 34 anos que passou sem trabalhar sendo sustentada pelos pais ela tava studying the blade,2026-01-19 00:16:59.261000+00:00,0,76,364,2026-01-19T00:17:00.230Z,cuntolicismo.bsky.social,igreja cuntolica lacrostolica,did:plc:4436cdvz3koc4exf3tct3sdn
at://did:plc:jx7hzxv5lh3xxsiz5wyq5mqk/app.bsky.feed.post/3mcl446nvvk2j,bafyreiggkku4nodholgxonxudnuyoxyjh6s7nklyyaa2a3acqcfnr36rj4,ana paula mandando um desafeto pra cadeia pela segunda vez num BBB,2026-01-16 22:03:52.454000+00:00,1,33,137,2026-01-16T22:03:52.233Z,burendoru.bsky.social,gay gigantesca de leque,did:plc:jx7hzxv5lh3xxsiz5wyq5mqk
at://did:plc:h6n3z5vatkm6ortaao5cddhd/app.bsky.feed.post/3mcry57innk2c,bafyreibqd6yk4hdigh7z3ejjpv25uqrwpt3qfgtzf56236kdfnt7j3ox54,Cozinharam a ana paula num laborat√≥rio de reality show q nem uma menina super poderosa  #bbb,2026-01-19 15:41:30.084000+00:00,0,2,38,2026-01-19T15:41:30.835Z,marish.bsky.social,Planeta Chup√£o ‚òÑÔ∏è,did:plc:h6n3z5vatkm6ortaao5cddhd
at://did:plc:657jhwkcct5wpj2ydtxtjpwt/app.bsky.feed.post/3mct7r5gauk2w,bafyreie3ptdwt6isuz23hhylzqcazqltbatil3jdyf6w52in5rwwcdszre,"Sarah se aproximando da Ana Paula.

Ana Paula saindo falando: ""CAD√ä meu ex√©rcito""

#bbb #bbb26",2026-01-20 03:30:34.928000+00:00,0,0,13,2026-01-20T03:30:36.536Z,daviddenislobao.bsky.social,David Denis Lob√£o,did:plc:657jhwkcct5wpj2ydtxtjpwt
at://did:plc:c36f6dl2hgqxynd6wclxudqw/app.bsky.feed.post/3mcqnewuwf22s,bafyreife6odsoih2di73w3lauue6x5bj5srtokn54a35njxorhpearkv2y,sugest√£o pro bbb: colocar a ana paula com um cutelo de a√ßougueiro em um sala com pedro. eu assino at√© o pay-per-view,2026-01-19 02:56:18.588000+00:00,1,3,47,2026-01-19T02:56:19.332Z,danielduncan.bsky.social,Daniel Duncan,did:plc:c36f6dl2hgqxynd6wclxudqw
at://did:plc:h6n3z5vatkm6ortaao5cddhd/app.bsky.feed.post/3mcqci4mi6k2q,bafyreifywb2psycym2nsxzclt3nfmug4owitcfh732v5hmlk5na5tobbci,KKKKKKK ANA PAULA RENAULT A MAIOR DE TODAS IMPRESSIONANTE CARA #bbb,2026-01-18 23:41:14.102000+00:00,1,4,39,2026-01-18T23:41:16.535Z,marish.bsky.social,Planeta Chup√£o ‚òÑÔ∏è,did:plc:h6n3z5vatkm6ortaao5cddhd
at://did:plc:wil2pwyrgq5o2rlmkh4jbyvw/app.bsky.feed.post/3mcnzlbqnx22j,bafyreidcj4hkeek5pnttvvdhfb2nhsqzumivppyyu6fp7ucpbdcptycpe4,As vezes o mo√ßo do BBB √© grower... Mas dificilmente √© mais greluda q Ana Paula. üí™üë±‚Äç‚ôÄÔ∏è,2026-01-18 01:56:36.974000+00:00,1,0,26,2026-01-18T01:56:45.734Z,ynhaim.bsky.social,Ynhaim?! üîû,did:plc:wil2pwyrgq5o2rlmkh4jbyvw
at://did:plc:sfjm5ndkp5maivlns6bmxabj/app.bsky.feed.post/3mclimczczs22,bafyreihedrsyv2g36pywm6bt2nqnebwvptbttthwxi2s7lsbvws7vbuadi,oi ana paula vi vc quietinha vivendo sua vida no bbb o que voc√™ acha de israel e palestina?,2026-01-17 01:47:38.795000+00:00,1,2,50,2026-01-17T01:47:41.029Z,oiyuriv.bsky.social,yuri,did:plc:sfjm5ndkp5maivlns6bmxabj
at://did:plc:h6n3z5vatkm6ortaao5cddhd/app.bsky.feed.post/3mcucihms522n,bafyreiao7v4z62sgcn6osjjlg2rtbzmau2ipgjo7ihmimoprmz2wqwu55a," aproveitar ana paula agora pq o futuro a deus pertence, o programa √© longo demais pra ela sustentar favoritismo at√© o final, vai ser complicadissimo #bbb",2026-01-20 13:52:04.600000+00:00,3,0,21,2026-01-20T13:52:05.531Z,marish.bsky.social,Planeta Chup√£o ‚òÑÔ∏è,did:plc:h6n3z5vatkm6ortaao5cddhd
at://did:plc:mnrqbnd5untvec66imqmcr3d/app.bsky.feed.post/3mcqcekrc5k2n,bafyreih6ifzcif4vrlfnbrkl7y5tk5lu5r226ohmgqylipyvj3un4gl7hi,"se a ana paula ganhasse um real cada vez q fosse pro bbb e tretasse com assediador antes dele ser exposto ela teria dois reais. n√£o √© muito, mas √© uma merda que tenha acontecido duas vezes",2026-01-18 23:39:14.726000+00:00,1,32,52,2026-01-18T23:39:15.331Z,forkswift.bsky.social,candy,did:plc:mnrqbnd5untvec66imqmcr3d
at://did:plc:h6n3z5vatkm6ortaao5cddhd/app.bsky.feed.post/3mcj3nqkdik2y,bafyreifz4jnght3nvwzf2zn6bjg2zqanhjjivjnhqlwlzfvud3kmhb4jby,Ana paula jamais se trate #bbb,2026-01-16 02:50:28.419000+00:00,1,2,30,2026-01-16T02:50:28.834Z,marish.bsky.social,Planeta Chup√£o ‚òÑÔ∏è,did:plc:h6n3z5vatkm6ortaao5cddhd
at://did:plc:nlzugstjgdgksaw7m6tssjjr/app.bsky.feed.post/3mcqbohmmxk24,bafyreid6kh6koz2w3awmccatpdyxzvi3hblpd2nzqxpzmhgm5zfipbfr34,Ana Paula Renault toda vez que entra no BBB:,2026-01-18 23:26:53.220000+00:00,0,4,17,2026-01-18T23:26:55.829Z,pontesigor.bsky.social,Igor Pontes,did:plc:nlzugstjgdgksaw7m6tssjjr
at://did:plc:h6n3z5vatkm6ortaao5cddhd/app.bsky.feed.post/3mcmvtfbmfs2a,bafyreifynoifqfkm224jw5xzdzuur6imx5rtxskwjbtbjhxo5o6fmniyue,"Eu sou bot de ana paula renault mesmo, n curtiu pega eu #bbb",2026-01-17 15:16:54.427000+00:00,1,1,14,2026-01-17T15:16:55.435Z,marish.bsky.social,Planeta Chup√£o ‚òÑÔ∏è,did:plc:h6n3z5vatkm6ortaao5cddhd
at://did:plc:u26lsy2jwbps3dkg4533n3wh/app.bsky.feed.post/3mclf7vjmak2m,bafyreifgnqmhmnqgkh4weku636axkm6wz7tsndguu2iku2l4xomufdhdfi,"Com toda a hist√≥ria da ex do Pedro, vemos que Ana Paula Renault, de novo, t√° tendo faro apurado pra homi lixo

No BBB 16, Ana foi chamada de louca pra baixo por apontar o comportamento nojento de um participante. O p√∫blico a tachou de hist√©rica pra baixo, mas o tempo mostrou q ela tava certa #BBB26",2026-01-17 00:47:00.768000+00:00,3,70,213,2026-01-17T00:47:02.329Z,exruivadotchan.bsky.social,Lucy no C√©u sem Diamantes,did:plc:u26lsy2jwbps3dkg4533n3wh
at://did:plc:2whzeyp6psmziq7jl2fohp5d/app.bsky.feed.post/3mct3hqpme22q,bafyreig6n622xhgdoxhmfcm5mkmadzpg3wnqquzksfx6cexvpdnfzhndrm,"A plateia do BBB aplaudindo a participa√ß√£o da Ana Paula. Est√° corret√≠ssimo isso a√≠, Tadeu. üëçüèª #BBB26",2026-01-20 02:13:44.649000+00:00,1,1,9,2026-01-20T02:13:45.437Z,danielvaz.bsky.social,Daniel Vaz,did:plc:2whzeyp6psmziq7jl2fohp5d
at://did:plc:4jkada47obqrfcrntw4x7vam/app.bsky.feed.post/3mcqczgy36c23,bafyreiaachf3pkxiqdmqb3zt4gqmhqfjydrcws3wrdvtyqvqyhk3cpp6t4,Por tudo que eu catei a respeito da mo√ßa Ana Paula acho que ela devia participar de toda primeira semana de cada BBB.,2026-01-18 23:50:55.383000+00:00,3,1,18,2026-01-18T23:50:56.130Z,lucianahn.bsky.social,BorboletasnosOlhos,did:plc:4jkada47obqrfcrntw4x7vam
at://did:plc:rovs7k35giv42zqnwan5gup7/app.bsky.feed.post/3mck4uv6oe22l,bafyreibuhd4ffazms4o2d6iorwr66mvnfcgf3wjfxg3r55al7r42gzc3yu,"O q mais me impressiona √© q a Ana Paula Renault tinha tudo pra √± ter esse discurso, mas tem. ü§ç

#AleReality #bbb26 #BBB",2026-01-16 12:45:01.637000+00:00,2,7,75,2026-01-16T12:45:05.833Z,alexandrefelipe.bsky.social,‚òÜ Al√™ Reality ‚òÜ,did:plc:rovs7k35giv42zqnwan5gup7
at://did:plc:h6n3z5vatkm6ortaao5cddhd/app.bsky.feed.post/3mclcxb2cmk2k,bafyreif2ltezmtnrgkktoarzq34mcwjfbm4xqe2obpp4ypk2emsivq2khy,Orar pra ana paula n ser expulsa hj #bbb,2026-01-17 00:06:23.379000+00:00,3,2,23,2026-01-17T00:06:24.435Z,marish.bsky.social,Planeta Chup√£o ‚òÑÔ∏è,did:plc:h6n3z5vatkm6ortaao5cddhd
at://did:plc:hllnbe7rsxz574hbc2awer7w/app.bsky.feed.post/3mcmzpdv32c25,bafyreib4ixgebx73ynxjtxtok2pi3wfp2kryt4mcv2vkoc5zgr7xs3hk3a,"Ela √© viciada em devolver desconforto

Dif√≠cil n√£o acompanhar BBB quando Ana Paula decide chapiscar algu√©m t√£o f√°cil de odiar.",2026-01-17 16:26:13.717000+00:00,7,9,49,2026-01-17T16:26:15.430Z,agatemiele.bsky.social,üåªMulher que Fala Muitoüåª,did:plc:hllnbe7rsxz574hbc2awer7w
at://did:plc:rovs7k35giv42zqnwan5gup7/app.bsky.feed.post/3mclfqmrtr225,bafyreiagd66yxgztqlfr46iob745zgyep2shcinkc7lokcdomat5zwkhwe,"Tanta gente pro Pedro mexer, ele vai mexer justamente com a Ana Paula Renault. Babaca!

#AleReality #bbb26 #BBB",2026-01-17 00:56:22.029000+00:00,2,2,20,2026-01-17T00:56:23.331Z,alexandrefelipe.bsky.social,‚òÜ Al√™ Reality ‚òÜ,did:plc:rovs7k35giv42zqnwan5gup7
at://did:plc:7t54b57vkk3oi3pbauiwzvhm/app.bsky.feed.post/3mcrugulzes27,bafyreiainnampkruam4teuu4wgvf2gvjolwdbofn3c2pynjiakqmexgay4,cada dia sem ter um emprego home office √© uma tortura,2026-01-19 14:35:19.228000+00:00,0,0,6,2026-01-19T14:35:22.238Z,aumentativo.bsky.social,aumentativo de sapato  ‚ößÔ∏è,did:plc:7t54b57vkk3oi3pbauiwzvhm
at://did:plc:zwczrg456rzf533c4w26tmks/app.bsky.feed.post/3mcqlah6rg22j,bafyreigcwcppimr57qzpjjfe6wz55xsy7cnlmtg5nmvfyzcy7tkuycytg4,"Aline n√£o aceita que a Ana Paula est√° realmente cagando pra ela kkkkkkkkk 
#bbb",2026-01-19 02:18:00.433000+00:00,0,4,7,2026-01-19T02:18:01.131Z,rafaelxum.bsky.social,,did:plc:zwczrg456rzf533c4w26tmks
at://did:plc:h6n3z5vatkm6ortaao5cddhd/app.bsky.feed.post/3mcmvpzuqw22a,bafyreihltuummisn3ydxypfyeqwdcplas4gpqqdzdh2kyjupwjiafm5hiy,"Cara a a ana paula cheirando a trambicagem desse pedro q nem um c√£o de ca√ßa e a bicha ta certa de novo, fortissimo. parece q td vez q ela ta no bbb todo mundo q tem √≠ndole duvidosa nao suporta a fortaleza dela, os caras vao pro embate e acabam sendo expostos kkkkkk #bbb",2026-01-17 15:15:01.804000+00:00,2,3,52,2026-01-17T15:15:05.941Z,marish.bsky.social,Planeta Chup√£o ‚òÑÔ∏è,did:plc:h6n3z5vatkm6ortaao5cddhd
at://did:plc:322v3qhdmryipdzyhizguxok/app.bsky.feed.post/3mct7eprz3k2r,bafyreicrzv33wloohd3xtt6hwsxid7f34npjglbmqvgo7r5whjrkhfoxia,"- Eu, hein! Agora sou obrigada a conversar com gente que medita? (Ana Paula Renault)

ü§£ü§£ü§£

#BBB26

#BBB",2026-01-20 03:23:37.976000+00:00,0,0,8,2026-01-20T03:23:38.438Z,tutibraga.bsky.social,Tuti Braga,did:plc:322v3qhdmryipdzyhizguxok
at://did:plc:lqsilrjmffa5jkvgyv5yfosl/app.bsky.feed.post/3mct7sczon22d,bafyreiepqhq4rfvrguiaoy3kmxkqwykc5p73ovf432pby4lwzuiiiuzfw4,"o foda √© que se muitos de n√≥s entr√°ssemos no BBB a gente ia chegar na ana paula e falar ""oi meu jogo √© seu, pode mandar fazer qualquer coisa que eu obede√ßo""

eu ia inclusive colocar ela em 1¬∫ no meu p√≥dio e ficar no 2¬∫ l√° quietinho",2026-01-20 03:31:14.364000+00:00,1,0,25,2026-01-20T03:31:14.630Z,gaytristinha.bsky.social,doug arrota-leite,did:plc:lqsilrjmffa5jkvgyv5yfosl
at://did:plc:ubji6txf3gdzwztlt2zegzdi/app.bsky.feed.post/3mckhnydfx223,bafyreigu2ew7vgo2vxh5imi3idwshl2h5wdvzn3upoqjliujexh5th25by,"Vi um video do Babu Santana explicando os homens peixe do One Piece pra Ana Paula Renault, com toda quest√£o racial envolvida (ele mesmo j√° fez um cosplay do Jinbe e tem tudo a ver!)

Parece mesmo que esse BBB t√° interessante.",2026-01-16 15:58:01.220000+00:00,2,7,103,2026-01-16T15:58:06.344Z,crisvector.com,Cris,did:plc:ubji6txf3gdzwztlt2zegzdi
at://did:plc:qhmqwop4lsxs47kggc335x3l/app.bsky.feed.post/3mcl7cupvn22x,bafyreibvjcy6cr5l3jifr3zcoa22avjdt6hp5evuk2i56wuyjb2pikqkgq,"Se eu tivesse um real para cada edi√ß√£o do #BBB em que a Ana Paula desmascarou um ped√≥filo, eu teria 2 reais

N√£o √© muito, mas puta que pariu bicho",2026-01-16 23:01:18.141000+00:00,0,29,76,2026-01-16T23:01:19.336Z,windblow.org,Steven Flow,did:plc:qhmqwop4lsxs47kggc335x3l
at://did:plc:qrg7fgmwipo7376aajhnfvpa/app.bsky.feed.post/3mcqck7btr22c,bafyreihntsraqhdqydaq6pjrvzwkxvly3qkpqmflysy3uqaepqvbg3ypcy,"J√° √© o segundo abusador do sul que a Ana Paula ajuda a derrubar. O radar da loba!
#BBB26 #BBB #REDEBBB",2026-01-18 23:42:23.992000+00:00,1,1,8,2026-01-18T23:42:27.929Z,leoavalon.bsky.social,L√©o Tavares,did:plc:qrg7fgmwipo7376aajhnfvpa
at://did:plc:rdkm7tyahhszzlrekmrlpgv5/app.bsky.feed.post/3mcng75eigs2m,bafyreigljqo34zv4yoocbnzbd7mjdjztp6vize7fkmeamdajwrbaqxbbqi,A Ana Paula do nada resolve comer o cy do Fr√≠gido pra passar o tempo. #BBB26 #BBB,2026-01-17 20:09:48.655000+00:00,1,1,10,2026-01-17T20:09:49.429Z,siaht.bsky.social,Labubu da Shopee,did:plc:rdkm7tyahhszzlrekmrlpgv5
at://did:plc:vra7v3d427dqkuohdiagvdyr/app.bsky.feed.post/3mcofw3x2ts2k,bafyreiflc72hnrpezath27tzpca3wg5qadfuzzel2b35hru7qukrdxljsq,morrendo com jonas brigando com ana paula. puta que pariu. esse bbb √© s√≥ barraco que delicia.,2026-01-18 05:37:24.915000+00:00,0,0,12,2026-01-18T05:37:27.835Z,bttlborn.bsky.social,botle,did:plc:vra7v3d427dqkuohdiagvdyr
at://did:plc:fic2vnsvkcb3fqae6cjqulax/app.bsky.feed.post/3mckkpoq3n22j,bafyreiabmdmkmck7cawcpga55gvbxwnwprvy2qfv3yf2xsdf74eh3wbvb4,Gente entregaram muito r√°pido e f√°cil esse BBB pra Ana Paula Renault,2026-01-16 16:52:39.485000+00:00,1,0,11,2026-01-16T16:52:41.938Z,cezarfig.bsky.social,Obrigado a conversar com gente que medita,did:plc:fic2vnsvkcb3fqae6cjqulax
at://did:plc:7f64qdulrszhatrte3vypkzy/app.bsky.feed.post/3mclyhhtsek2f,bafyreiaw4v3fh7lm3a6jcrg6dfyae5vzs2b7df5mhkdkgx3lit2s3szp5a,Ana Paula no BBB sempre vira crossover com To Catch a Predator e eu acho isso lindo,2026-01-17 06:31:15.955000+00:00,1,0,9,2026-01-17T06:31:15.830Z,queermonster.bsky.social,"Beatrice Dorian, The Very Penetrable One üè≥Ô∏è‚Äç‚ößÔ∏è",did:plc:7f64qdulrszhatrte3vypkzy
at://did:plc:ub2wibwp3wsnja32pdnzylcl/app.bsky.feed.post/3mcn55qnzhc2l,bafyreibgoosahnzp4eimr5txxjgi4bmiipyvgisnmrxlczhq2x3ennlosm,"Monas eu to em choque pq a Ana paula simplesmente t√° sendo A DONA desse BBB at√© agora, todo movimento l√° dentro t√° envolvido a ela‚Ä¶..Mam√£ezinha",2026-01-17 17:27:58.106000+00:00,1,0,12,2026-01-17T17:27:58.333Z,rircardinho.bsky.social,Ricardinho,did:plc:ub2wibwp3wsnja32pdnzylcl
at://did:plc:rdkm7tyahhszzlrekmrlpgv5/app.bsky.feed.post/3mclbbgqpu22w,bafyreideplh53cjypml746xheyv44mskz4t7nwz47sn6pvj6xa3srzxy44,"L√° vai o tra√≠dor trambiqueiro querer imputar coidas na Ana Paula enquanto ela se arruma, q cara insuport√°vel. #BBB26 #BBB",2026-01-16 23:36:17.416000+00:00,0,0,11,2026-01-16T23:36:17.636Z,siaht.bsky.social,Labubu da Shopee,did:plc:rdkm7tyahhszzlrekmrlpgv5
at://did:plc:ki67vl6wicuiwhdfe4fvo7ay/app.bsky.feed.post/3mcpjrxnfn22y,bafyreighe4fuij6szylef4ew5gouzpb6p3p6725ajnsbmwove7p4ynp7rq,Passa bbb e vem bbb e o povo n√£o aprende... t√£o jogando o enredo todinho no colo de quem passam p dia falando... nesse caso t√£o dando tudo p Ana Paula hahahaha,2026-01-18 16:19:20.889000+00:00,0,0,14,2026-01-18T16:16:35.232Z,lilianbrito81.bsky.social,Lilianüá™üá™üèπ,did:plc:ki67vl6wicuiwhdfe4fvo7ay
at://did:plc:rdkm7tyahhszzlrekmrlpgv5/app.bsky.feed.post/3mcibr33iok2h,bafyreiaoysjl2rhrxbscv2bpqu7qyeqtz4vnjjsf3fesmdv2brirrajt3y,"Pedro: ‚Äúme desculpa‚Äù
Ana Paula: ‚Äún√£o desculpo n√£o‚Äù
Pedro: ‚Äú que deus aben√ßoe‚Äù
Ana Paula : ‚Äú n√£o enfia deus no meio‚Äù
#BBB26 #BBB",2026-01-15 19:07:02.842000+00:00,0,3,15,2026-01-15T19:07:05.937Z,siaht.bsky.social,Labubu da Shopee,did:plc:rdkm7tyahhszzlrekmrlpgv5
at://did:plc:ombefbv46lutxbuvu4mz34ja/app.bsky.feed.post/3mcqxdqcbu424,bafyreif5qahbtpy2xzkcvx5rgtv6hsfkyczlgtmkpjp664vwf5527tb2yu,"Aline falando porque a Ana Paula ataca tanto ela?  
Kkkkk
#BBB26 #BBB #RedeBBB ",2026-01-19 05:54:35+00:00,0,1,3,2026-01-19T05:54:35.932Z,fifisdotelefone.bsky.social,Fifis do Telefone | #AFazenda17,did:plc:ombefbv46lutxbuvu4mz34ja
at://did:plc:wx7vbeyhzjh3q546ajdxjolw/app.bsky.feed.post/3mcmu2uq3bs25,bafyreidhkbxikurfyda6mnrbxlnestry3slzz5a4kfm2l6oia6imt6o5qm,"Nikolas Ferreira, Ana Paula Renault e o confronto que o BBB n√£o esperava. Por Nathal√≠",2026-01-17 14:45:18.027000+00:00,0,3,16,2026-01-17T14:45:23.131Z,dcmonline.bsky.social,Di√°rio do Centro do Mundo,did:plc:wx7vbeyhzjh3q546ajdxjolw
at://did:plc:6e7u34r4f6kp5irrslrj254f/app.bsky.feed.post/3mclkztmtks2q,bafyreif3wui25zj5i4m4hrt24wcav5yo3pc373sfo3uv6evpn2egwvyn64,Se eu tivesse no BBB eu ia colar demais na Ana Paula. Independente de jogo. Eu sou fascinado por pessoas que farmam aura naturalmente como se n√£o fosse nada.,2026-01-17 02:30:59.903000+00:00,0,1,15,2026-01-17T02:31:00.531Z,mathh.space,BadMŒõ∆¨Œó,did:plc:6e7u34r4f6kp5irrslrj254f
at://did:plc:olt6nkuwdstbdmx2met4rjdl/app.bsky.feed.post/3mct3lgxu2k2r,bafyreifr3fekk5orbefvfsmjcu237nckzmpgwdaphm3e3a5o6fem6uhh4a,a ana paula serve demais puta merda #bbb,2026-01-20 02:15:48.651000+00:00,0,0,4,2026-01-20T02:15:49.830Z,sulemio.bsky.social,myari,did:plc:olt6nkuwdstbdmx2met4rjdl
at://did:plc:it4hiz5pphsu2jnzdqlah3e2/app.bsky.feed.post/3mcnrq4czq22u,bafyreiclmpb46kmj2vtqers334ymmnu5einspz25oe3gxgnwwpmqplsmhe,"Ana Paula: ""Esse Pared√£o n√£o mede nada! Eu posso sair por causa de torcida sem ser de BBB, posso sair por causa de religi√£o e pol√≠tica.""  

Sarah: ""Ele (Pedro) puxou assunto em rela√ß√£o a isso? Ele t√° mexendo numa caixa de marimbondo que n√£o t√° entendendo.""",2026-01-17 23:36:09.137000+00:00,2,2,21,2026-01-17T23:36:11.936Z,centralbbb.bsky.social,Central BBB 26,did:plc:it4hiz5pphsu2jnzdqlah3e2
at://did:plc:3q5heqbjg4hy5zozom7ewrk2/app.bsky.feed.post/3mcqbk3hdo22y,bafyreibwkiwdok6mfgxpcaokblxys75bd6rropqvokqc7tv7cwzuwrgafe,Passada que a Ana Paula descobriu mais um assediador em outro BBB! Passada meu Deus.,2026-01-18 23:24:26.248000+00:00,1,0,3,2026-01-18T23:24:28.229Z,firminomayara.bsky.social,may,did:plc:3q5heqbjg4hy5zozom7ewrk2
at://did:plc:wxifol6tegoaxu6tgpad252q/app.bsky.feed.post/3mcfu75qyas2o,bafyreicro2ssq4w25xlv5dtwqvrxyju5dcj4cfn7cnmv7dtrmghzr3iiw4,Ana Paula dando fora no Jonas #bbb,2026-01-14 19:59:03.544000+00:00,0,3,17,2026-01-14T19:59:05.442Z,elisapolonio.bsky.social,Eli P.,did:plc:wxifol6tegoaxu6tgpad252q
at://did:plc:ombefbv46lutxbuvu4mz34ja/app.bsky.feed.post/3mcubrwy7qu2q,bafyreiautgpbu524sbudcw7u5x5m6g7k2qvou75ssc2i4brs4eyxzyxpxe,"A Aline √© obcecada pela Ana Paula. 
#BBB26 #BBB #RedeBBB ",2026-01-20 13:39:28+00:00,1,1,4,2026-01-20T13:39:29.132Z,fifisdotelefone.bsky.social,Fifis do Telefone | #AFazenda17,did:plc:ombefbv46lutxbuvu4mz34ja
at://did:plc:zs2yk4eq2mnb5slvzctcpb67/app.bsky.feed.post/3mct3li4xkk2i,bafyreia3vi4gtwmafwgjbap6bodu5ioelehey6ejunx3do5tnczxl6o4zu,hahahahahahahahahahahahahahhaahaha ela sentiu demais a cr√≠tica da Ana Paula hahahahahahahahahahahahaaha pessoa quer ser pac√≠fica no fuckin BBB hahahaha sai fora,2026-01-20 02:15:49.867000+00:00,0,0,3,2026-01-20T02:15:50.229Z,mariliamoscou.bsky.social,Imperatriz Paulista da N√£o-Monogamia,did:plc:zs2yk4eq2mnb5slvzctcpb67
at://did:plc:fic2vnsvkcb3fqae6cjqulax/app.bsky.feed.post/3mcrvqxyfyc2j,bafyreif3vicwtqenlhe6lcyd2pvnfflf4aufsx5yeieefprisyj6rydj6u,Chaiany chegou pra ganhar o BBB. Carism√°tica demais. Se colar com Ana Paula vai ter tapete vermelho at√© a final,2026-01-19 14:58:52.078000+00:00,1,0,11,2026-01-19T14:58:53.727Z,cezarfig.bsky.social,Obrigado a conversar com gente que medita,did:plc:fic2vnsvkcb3fqae6cjqulax
at://did:plc:rovs7k35giv42zqnwan5gup7/app.bsky.feed.post/3mcfu3rwtxc2a,bafyreif24ril3wm4r7t6y74vagadgmtbcksv4bc5nmj2itz2o76ahsrut4,"Ana Paula Renault defende as cotas raciais depois da Solange Couto atacar as cotas!!! N√© brinquedo n√£o!!!

#AleReality #bbb26 #BBB",2026-01-14 19:57:10.490000+00:00,4,6,39,2026-01-14T19:57:12.333Z,alexandrefelipe.bsky.social,‚òÜ Al√™ Reality ‚òÜ,did:plc:rovs7k35giv42zqnwan5gup7
at://did:plc:ombefbv46lutxbuvu4mz34ja/app.bsky.feed.post/3mcscqio2aa2f,bafyreigg37rrrf6fiaxkrzkc77ah6painbwsghut4numre7rgvg6pic4ii,"Gente! Sarah t√° querendo dizer que ontem o Pedro saiu por ass√©dio e que Aline vai levantar o que Ana Paula falou sobre ela na √©poca.  Parece que a Sarah t√° querendo comparar as coisas. Foi isso mesmo que eu entendi??? 
#BBB26 #BBB #RedeBBB ",2026-01-19 18:51:14+00:00,1,0,7,2026-01-19T18:51:15.332Z,fifisdotelefone.bsky.social,Fifis do Telefone | #AFazenda17,did:plc:ombefbv46lutxbuvu4mz34ja
at://did:plc:5hrksfwkmpcbp65vdhr7lbmy/app.bsky.feed.post/3mcijhd5hcc2h,bafyreihbol2rl52o7ahq5oiwhuikxavwae5t2tofdvyuzjdyjohcaj6efm,"Sempre gostei da Ana Paula Renault, torci mt pela diva no 16. Sem contar que ela defendeu muito a nossa Isabelle Nogueira. Que ela ven√ßa o BBB 26!ü•Ç
*Ana e Isa s√£o sagitarianasü´∂üèª",2026-01-15 21:24:45.683000+00:00,0,0,17,2026-01-15T21:24:47.635Z,lartdesigner.bsky.social,Lilyüèπ,did:plc:5hrksfwkmpcbp65vdhr7lbmy
at://did:plc:77m7szcps5ahfhlj275enasd/app.bsky.feed.post/3mcsg7s6j3s2d,bafyreihjkouv7ag3vk4kdmj7iiesx73k2hhlspnjy5iqfbrlj6q6softry,Eu t√¥ ansiosa pra que a Sarah converse com a Aline e instrua ela a fazer o que ela sugeriu no quarto do l√≠der. Imagina que bonito que vai ser no ao vivo a Aline usando um crime que aconteceu dentro do BBB pra linkar isso com a Ana Paula pra passar vergonha ao vivo em rede nacional #BBB26,2026-01-19 19:53:29.171000+00:00,0,0,9,2026-01-19T19:53:31.543Z,mulherbeliche.bsky.social,Vivian,did:plc:77m7szcps5ahfhlj275enasd
at://did:plc:r7ul7zs3an3h6yjuupdmzcsb/app.bsky.feed.post/3mct3erjqlc2i,bafyreibyqz3azf3nomzsinzgiuqhldee3ijp5n45pg6wy5gkhaxhd4r37q,Ana Paula e Aline vai ser a maior enemies to lovers da hist√≥ria do #bbb repare bem,2026-01-20 02:12:04.841000+00:00,0,0,3,2026-01-20T02:12:06.559Z,ohobitinho.bsky.social,escrivitinho | üìò QQA NA AMAZON,did:plc:r7ul7zs3an3h6yjuupdmzcsb
at://did:plc:bw2akxadcm626jw4maxlwjnj/app.bsky.feed.post/3mcg3ysuroc2v,bafyreidarkqglicood3z4psdbjzsmz26dwn5dsncoem47cw2y2smspblpe,"uma ex bbb? ana paula renault
uma atual bbb? ana paula renault
uma ex fazenda? ana paula renault
um carro? renault
uma express√£o popular? olha ela
um nome? ana paula
um sobre nome? renault",2026-01-14 22:18:40.742000+00:00,0,1,18,2026-01-14T22:18:41.232Z,ptrckpva.bsky.social,fiona apple fazendo obra no canil dos cachorros,did:plc:bw2akxadcm626jw4maxlwjnj
at://did:plc:2qvx4i33mg2cx7aihzwc7vg6/app.bsky.feed.post/3mcmoc6u7bk2e,bafyreiehxuztnxyvggmjbo4g2o62hoeyx7r5s6agofarybb3jt3qmqs7fy,"a desonestidade dessa gente crente pilantra √© fora do normal. a gente n√£o consegue imaginar, alcan√ßar, at√© que ponto mais baixo essa gente desgra√ßada vai. 
fiquei t√£o chocada ontem com o que o cara fez com a ana paula no bbb que eu gravei o que foi exibido.",2026-01-17 13:02:01.079000+00:00,1,0,14,2026-01-17T13:02:05.636Z,beatrizdiniz.bsky.social,Beatriz GUARANI KAIOW√Å,did:plc:2qvx4i33mg2cx7aihzwc7vg6
at://did:plc:m6enlluw7ta5lo3hnyfbxz2q/app.bsky.feed.post/3mcn4r5ra4k2r,bafyreibib6rtoogp77dyppnqteflu7poo3efotas24axz7usol7vsq5w6m,Ana Paula com Pedro t√° mostrando ao mundo que campanha anti bullying foi um erro da sociedade #bbb,2026-01-17 17:20:55.634000+00:00,0,0,3,2026-01-17T17:20:55.633Z,gengiskhona.bsky.social,The best of eurodance 97,did:plc:m6enlluw7ta5lo3hnyfbxz2q
at://did:plc:2qvx4i33mg2cx7aihzwc7vg6/app.bsky.feed.post/3mcmo5wijlc2e,bafyreidjyriwa4dyxqgne67lxqz46dr4jfsc4w7yxyl2tn3muv2s7tftim,"ontem teve um epis√≥dio de ass√©dio no bbb. ass√©dio religioso. e daquele jeito bem desonesto: o cara pediu pra ela n√£o fazer mais algo que causou nele um engasgo na garganta. n√£o disse o que ela fez e negou o que disse. 
a mo√ßa ana paula foi gigante. 
quero falar disso mais tarde.",2026-01-17 12:59:38.090000+00:00,2,0,25,2026-01-17T12:59:39.031Z,beatrizdiniz.bsky.social,Beatriz GUARANI KAIOW√Å,did:plc:2qvx4i33mg2cx7aihzwc7vg6
at://did:plc:dcrw7yttnd3svdk5q7a34cuy/app.bsky.feed.post/3mcldjxzed22i,bafyreihrevxal5thdb3t3zjbblkjmu5vkyrxfwq4cp4lgn6kyana4xknmq,"t√° o july floss e umas doze pessoas no quarto tentando roubar a pauta da ana paula, a maior aproveitadora de pauta do bbb",2026-01-17 00:16:51.433000+00:00,1,0,8,2026-01-17T00:16:52.230Z,feliep.bsky.social,v√©ia do filme do didi gritando padre manoel morreeeu,did:plc:dcrw7yttnd3svdk5q7a34cuy
at://did:plc:r52gp4thd7rjpxqrnahahaue/app.bsky.feed.post/3mcmv5ncklc25,bafyreidxsmtqfyn3lp4oi5unnx4huygbtqwstfwrkwhxcnkce2wok3wppq,Se Ana Paula e Cowboy se juntarem nas estrat√©gias de jogo acabou pra todos os outros da casa. #bbb,2026-01-17 15:04:44.647000+00:00,0,0,3,2026-01-17T15:04:45.438Z,carinavd.bsky.social,Carina üíôüìö,did:plc:r52gp4thd7rjpxqrnahahaue
at://did:plc:gjtr3gbdqjutpao2yer3sh5e/app.bsky.feed.post/3mcqj4lgtcc2b,bafyreihocylv3vikrgowdia5rtnkf6ymt26gogivjdrxxxqajxkmgxal3u,"Ana Paula √© t√£o boa e consciente que nem TENTOU transformar sua pr√≥pria hist√≥ria numa hist√≥ria trist√≠ssima de supera√ß√£o porque ela sabe (sempre soube) que tem uma hist√≥ria de muit√≠ssimo privil√©gio, e √© isso. Fazer o qu√™ se nasceu rica? Vai fingir que n√£o? Corret√≠ssima em focar s√≥ no BBB.",2026-01-19 01:40:03.189000+00:00,1,1,6,2026-01-19T01:40:06.134Z,marcelahippe.bsky.social,Marcela Hippe,did:plc:gjtr3gbdqjutpao2yer3sh5e
at://did:plc:qhmqwop4lsxs47kggc335x3l/app.bsky.feed.post/3mct6n5jezc2e,bafyreihi323l2zo65wjcvsb6ickd3kfamqqw3fss7ap5afxrjwftexyiyu,"Ana Paula √© o Mohamed Ali do #BBB

Todo mundo ali alterna entre guarda e troca√ß√£o, ela chega de bra√ßo solto, sapateia na frente do advers√°rio, todo mundo tenta conectar porque acha que ela t√° de guarda aberta e ela s√≥ desvia",2026-01-20 03:10:27.072000+00:00,0,0,10,2026-01-20T03:10:28.237Z,windblow.org,Steven Flow,did:plc:qhmqwop4lsxs47kggc335x3l
at://did:plc:seiuaotpedo2ejtmpj2a3adq/app.bsky.feed.post/3mcqek2y7sk2s,bafyreibaymr2b7nqbo4o7o4gvfaaciveudzm5zihwq2psbqt6o3or3iy5u,"Ana Paula √© uma entidade necess√°ria na casa, coloca ela a√≠ dentro todo ano, s√≥ que n√£o como participante, como funcion√°ria do bbb
Todo ano ela entra e participa, t√° sempre no vip, n√£o participa das provas nem das vota√ß√µes, ela √© s√≥ uma entidade al√≠ dentro pra ca√ßar abusador",2026-01-19 00:18:06.987000+00:00,1,0,12,2026-01-19T00:18:07.535Z,lizazebot.bsky.social,Liz Azebot,did:plc:seiuaotpedo2ejtmpj2a3adq
at://did:plc:7ygrt4odod4arqr7jqrqwtij/app.bsky.feed.post/3mcqla7iwa22j,bafyreifwmrk6nonswzuaos6sb2ys2ulpmzghyik676gu5lksdh4u33goaa,"numa coisa esse grupinho est√° certo: pra ganhar o bbb, eles vao ter que derrotar especificamente a ANA PAULA  #bbb26",2026-01-19 02:17:52.376000+00:00,0,0,3,2026-01-19T02:17:53.537Z,olgu1ta.bsky.social,olgu1ta,did:plc:7ygrt4odod4arqr7jqrqwtij
at://did:plc:fpo5edxnmo2ycw2qtdfdlv7s/app.bsky.feed.post/3mcixs2ttyk23,bafyreif2wyrzlkpn766kxpzxp4hxky5y7pl6k2sxzyehclmluir7xq3twa,esse mocreio achando q vai passar a perna na ana paula devia ter 10 anos no bbb dela,2026-01-16 01:41:18.466000+00:00,0,0,6,2026-01-16T01:41:18.835Z,augustolanches.bsky.social,üå≠üçïüçüAUGUSTUS FOODERIAüçîüåÆü•§,did:plc:fpo5edxnmo2ycw2qtdfdlv7s
at://did:plc:du4bbc2lsouth5kfcrqibhr4/app.bsky.feed.post/3mcubkca4pc2r,bafyreiguz4c3b6va4qcqk67g4hht3atrdlu7e424n33ft4vhbl6ltebsse,,2026-01-20 13:35:12.302000+00:00,0,1,4,2026-01-20T13:35:16.733Z,suxbernardo.bsky.social,Casca de ferida,did:plc:du4bbc2lsouth5kfcrqibhr4
at://did:plc:lf7tsgwey4iqmbctdyu2mh2k/app.bsky.feed.post/3mcsg5ac3lc2b,bafyreifo34qtr6l37dsqbooy2726xnll2pzz6zg355qisc5wlgkhxdwnam,"Agora vamos falar da Ana Paula Renault? Pois √©,mulher branca, privilegiada precisa entrar num BBB pra falar dentro da Globo que uma semana de quarto branco √© tortura ""SIMMM"", que isso √© explorar as desigualdades sociais ""na tampa"", fome n√£o √© entretenimento, que cotas raciais s√£o repara√ß√£o hist√≥rica",2026-01-19 19:52:03.306000+00:00,1,0,17,2026-01-19T19:52:03.532Z,biaerafa.bsky.social,Bianka Schiavini ,did:plc:lf7tsgwey4iqmbctdyu2mh2k
at://did:plc:jqs453ktxco5ho5z46wardhp/app.bsky.feed.post/3mcbi27cxfc24,bafyreif5ehiuvttfqlxbwyayp5txrmmtmv5nynlmkyrvsnwxplkgf4v6uu,üö® Ana Paula Renault (BBB 16) √© anunciada como VETERANA no #BBB26.,2026-01-13 02:10:53.528000+00:00,1,4,78,2026-01-13T02:11:23.134Z,tracklist.com.br,Tracklist,did:plc:jqs453ktxco5ho5z46wardhp
at://did:plc:wx7vbeyhzjh3q546ajdxjolw/app.bsky.feed.post/3mcmfwqgqz225,bafyreid5dzt4w7wrtuqns3gccdssd3p2cxt6svxr4ui35pra6t2fsjrtoe,"BBB 26: ""crist√£o"", Pedro acusa Ana Paula de macumba contra ele e sister rebate",2026-01-17 10:32:26.923000+00:00,1,1,4,2026-01-17T10:32:31.333Z,dcmonline.bsky.social,Di√°rio do Centro do Mundo,did:plc:wx7vbeyhzjh3q546ajdxjolw
at://did:plc:4f2oacookc2ft67g5opojva4/app.bsky.feed.post/3mclj7v75xs2u,bafyreih7gn2hib7zmlowrvd7st2tgsyu6j4gv4bbvuz6r7uqenjiycitzu,"O Dourado acertou muito na escala√ß√£o da Ana Paula Renault para esse BBB. √â cada fecho que ela d√° no Pedro Micro P√™nis e no Brigideiro.
Amando!

#BBB26",2026-01-17 01:58:35.384000+00:00,1,2,13,2026-01-17T01:58:36.628Z,sidvirtu.bsky.social,Sidney Santos üêªüè≥Ô∏è‚Äçüåà‚úäüèæ,did:plc:4f2oacookc2ft67g5opojva4
at://did:plc:6up3eklzxy3neblmiez4ncxa/app.bsky.feed.post/3mct3jgsnvs2j,bafyreieue2zsddfjkyz3xmjci72rypee35gpt44jjq4a3hdzamyyndndua,"A Ana Paula botando a Milena em segundo ela se ajuda e ajuda a milena, direcionando todos para votar em Aline ex riscado, a nossa namastreta.

#BBB #BBB26",2026-01-20 02:14:41.370000+00:00,0,0,2,2026-01-20T02:14:42.232Z,ducellos.bsky.social,Du.Cellos,did:plc:6up3eklzxy3neblmiez4ncxa
at://did:plc:qrg7fgmwipo7376aajhnfvpa/app.bsky.feed.post/3mcld2wtexs27,bafyreih2lqtuclyjityrsreijxoqukit2nfu2ohicgmmeyitx6uwd4znhq,"Ana Paula sobre Pedro: ‚ÄúAl√©m de querer me f*der com pol√≠tica, ele quer me f*der com religi√£o porque sabe que as pessoas s√£o preconceituosas com isso. Ele quer me fazer escorregar de qualquer jeito.‚Äù #BBB26 #BBB",2026-01-17 00:08:26.882000+00:00,0,2,6,2026-01-17T00:08:26.637Z,leoavalon.bsky.social,L√©o Tavares,did:plc:qrg7fgmwipo7376aajhnfvpa
at://did:plc:rdkm7tyahhszzlrekmrlpgv5/app.bsky.feed.post/3mcibirgpc22h,bafyreics3xw27holgo3yngfxzetdzb3x4d22qjn5wzsvjk2xaz3zxkw5fm,Eu amo a Ana Paula pq ela odeia o sonso do Pedro tanto quanto eu hahahahaha #BBB26 #BBB,2026-01-15 19:02:24.289000+00:00,0,0,5,2026-01-15T19:02:25.032Z,siaht.bsky.social,Labubu da Shopee,did:plc:rdkm7tyahhszzlrekmrlpgv5
at://did:plc:2ruar6rgum65burg5jwthixl/app.bsky.feed.post/3mckvwoami52y,bafyreift55i44lbnejesanaghunllzqdz6qmed3fhpjodiwll2vqcolmga,"BBB 26: Ana Paula Renault diz que Aline √© ""autocentrista""",2026-01-16 20:13:24.878000+00:00,0,0,2,2026-01-16T20:13:26.229Z,cnn-brasil.bsky.social,CNN Brasil,did:plc:2ruar6rgum65burg5jwthixl
at://did:plc:6ul7iuo62rvnvh2lnls2oa3a/app.bsky.feed.post/3mcplxuv2as2e,bafyreigdkub7vkzt6b52kdhsscncducnok7rq2ez24gre4aniabfgmpmpe,eu n√£o sei pq achei isso aqui t√£o engra√ßado,2026-01-18 16:58:26.786000+00:00,0,2,14,2026-01-18T16:58:29.935Z,naktern.bsky.social,amira,did:plc:6ul7iuo62rvnvh2lnls2oa3a
at://did:plc:npz4grap4wsno6zupmfplmrm/app.bsky.feed.post/3mcktun4qik2w,bafyreicsqlp2krxahdd5iqi72zx7ycfosn36dl3ek5dpklsgbsbqaeth7m,gente como pode a ana paula se meter de brigar com outro suposto pedofilo no bbb kkkkk a musa tem faro pra malandro,2026-01-16 19:36:29.250000+00:00,0,0,4,2026-01-16T19:36:29.530Z,brnss.bsky.social,,did:plc:npz4grap4wsno6zupmfplmrm
at://did:plc:fth6iyscn5icq2trfb4kzitg/app.bsky.feed.post/3mcmss63puk2k,bafyreiacdrgyygvdu765dzrf2kg7e57onxsuhpoxcnlt3p2ggv6njaghze,acabei de ver a treta com a ana paula. tomara que o pedro receba um processinho por intoler√¢ncia religiosa #bbb,2026-01-17 14:22:32.115000+00:00,0,0,3,2026-01-17T14:22:32.729Z,isabara.bsky.social,isabella,did:plc:fth6iyscn5icq2trfb4kzitg
at://did:plc:dk644jtqur3mvxphdwuawi25/app.bsky.feed.post/3mcgsckrnav2f,bafyreicnuuyakaeyq5bhe33mnuyo7gplulqzhmzizpybcjc6dt7j2idige,Jos√© Diogo Cotrim: Ana Paula Renault teve que dar aula sobre cota racial para duas mulheres pretas no BBB,2026-01-15 04:57:50.115000+00:00,0,3,17,2026-01-15T04:57:52.136Z,marcianobrito.bsky.social,Marciano Brito,did:plc:dk644jtqur3mvxphdwuawi25
at://did:plc:2bpuvzaecstiioj4s2hunomd/app.bsky.feed.post/3mcbkrkmccc2c,bafyreicdk3xfy5dpnx3ppy67nzaof55idegv3v2aqaqdh4h5wgj35ych3q,imagina a fiat patrocinando uma prova do BBB e censurando o nome da ana Paula Renault pra n√£o citar a concorr√™ncia,2026-01-13 02:59:44.630000+00:00,2,5,93,2026-01-13T02:59:45.229Z,carolborgesart.bsky.social,Carol Borges êöÅ,did:plc:2bpuvzaecstiioj4s2hunomd
at://did:plc:b4fjokden33m6ngbaoa4r3dw/app.bsky.feed.post/3mcbhxmoyx22h,bafyreihp54vejx6nppktpaekojewzjtyutlrsf65c7lytiz7hyd5xr2tq4,Caralho a Ana Paula Renault conseguiu ser ex-bbb ex- a fazenda e agora ex-ex-bbb pra ser em breve ex-ex-ex-bbb,2026-01-13 02:09:26.917000+00:00,1,21,64,2026-01-13T02:09:28.335Z,sodaindie.bsky.social,malu father‚Ñ¢,did:plc:b4fjokden33m6ngbaoa4r3dw
at://did:plc:afzqj2675hupbfpzotiahls3/app.bsky.feed.post/3mcdyowfcrk2n,bafyreic5iovemxma7fj4h4rrzf27snzjhrxrtv5tskpnpjerx7ntsydvmy,"Ana Paula Autom√≥vel, por favor vire inimiga do Legend√°rio Frigidus

#BBB",2026-01-14 02:14:08.183000+00:00,0,0,9,2026-01-14T02:14:08.037Z,ferques.bsky.social,Space Runaway Fer,did:plc:afzqj2675hupbfpzotiahls3
at://did:plc:ombefbv46lutxbuvu4mz34ja/app.bsky.feed.post/3mcuan337522x,bafyreigvuw26xbb2jts6pqq4p22r7c4walehlvmvadfqie7j7vrlptnc5a,"J√° est√° a Aline falando da Ana Paula 
Ela sS√ì faz isso
#BBB26 #BBB #RedeBBB ",2026-01-20 13:18:51+00:00,0,0,2,2026-01-20T13:18:52.032Z,fifisdotelefone.bsky.social,Fifis do Telefone | #AFazenda17,did:plc:ombefbv46lutxbuvu4mz34ja
at://did:plc:r52gp4thd7rjpxqrnahahaue/app.bsky.feed.post/3mcszb3gctc2p,bafyreibl7ex7j6butqge4yukfiju2htzcx66c5moz7eqzzgp7vpz2dx6da,"A ex riscado inventando que a Ana Paula colocou alvo nela n√£o faz o menor sentido. 

Ana Paula nem lembra q vc ta casa, amiga. 
Supera.

#bbb",2026-01-20 01:34:13.514000+00:00,0,0,1,2026-01-20T01:34:13.934Z,carinavd.bsky.social,Carina üíôüìö,did:plc:r52gp4thd7rjpxqrnahahaue
at://did:plc:56fuhztbhsqeq4eol4lhneth/app.bsky.feed.post/3mck7qomvpk2b,bafyreiekptz3gqz267ekz25iukhgvzf53dxbkp4qynuwtjy6tbwzw6r5ru,est√° me fazendo muito mal o bbb (s√≥ penso em ana paula renault),2026-01-16 13:36:21.775000+00:00,1,0,4,2026-01-16T13:36:22.331Z,grossomondo.bsky.social,thais,did:plc:56fuhztbhsqeq4eol4lhneth
at://did:plc:jjplgukaj2mpvphcpmqoo4hb/app.bsky.feed.post/3mclilsg6ws2b,bafyreihlfmat2brjm2opw2cnwloihhxz363ic67yzqw3u5lvqfxdcof7qa,"eu n√£o aguento o quanto que o burro do pedro toma sacode da ana paula em toda conversa que ele tenta sacanear ela, fraco demais, fica parecendo uma crian√ßa se embolando nas mentiras (#bbb pro filtro dos mutuals)",2026-01-17 01:47:21.391000+00:00,1,0,6,2026-01-17T01:47:22.133Z,alumbrar.bsky.social,fancam do Maduro dan√ßando,did:plc:jjplgukaj2mpvphcpmqoo4hb
at://did:plc:nxerh2cxiaqk5berhiruxcrs/app.bsky.feed.post/3mcllbugghc25,bafyreifbqudrd7rk4uadiipcw7ylak6zagnqtykl6w2kc6fzn3tgkaoewy,oi ana paula vi vc quietinha vivendo sua vida no bbb o que voc√™ acha da pena de morte?,2026-01-17 02:35:29.178000+00:00,0,0,9,2026-01-17T02:35:29.731Z,priscilajolie.bsky.social,Pri Jolie,did:plc:nxerh2cxiaqk5berhiruxcrs
at://did:plc:ewy7z2qdx5veyxk3z2rwfuzv/app.bsky.feed.post/3mcixurzaqc2d,bafyreib2gtiaq27r23wxa6dsri46uwadfpgrhl2zq6efx3ytsreqohiuzu,"E pensar que se o Boninho ainda tivesse no BBB nunca mais ter√≠amos a Ana Paula no programa, ele teria voltado uma Alane da vida #BBB26",2026-01-16 01:42:49.870000+00:00,1,0,7,2026-01-16T01:42:49.932Z,rapidoricardo.svd.cc,Rich,did:plc:ewy7z2qdx5veyxk3z2rwfuzv
at://did:plc:axf75nucbxinzc5yl5jks3xg/app.bsky.feed.post/3mcnq6tgkes2w,bafyreiaaouzsnmnpfe6gq4t4kukio5jbpixi6ceu4fpvndwhao6kvuxruq,"Eu n√£o sei se voc√™s sabem, mas eu formei na faculdade com a Ana Paula do BBB!

Pegava carona com ela at√© o centro depois da aula, inclusive.",2026-01-17 23:08:35.642000+00:00,1,0,4,2026-01-17T23:08:36.233Z,cangrejo.bsky.social,visualizado e n√£o respondido no teams,did:plc:axf75nucbxinzc5yl5jks3xg
at://did:plc:ympzlkria6ks5dtnbiipkqex/app.bsky.feed.post/3mcljp54mtc2i,bafyreig547tduv7ityiicw6i7wyuv2xsyo2wqdhfan6z3ca2rl7lgpet7e,o arrombado sorrindo quando a ana paula falolu q tava estressada     conseguiu o q queria q e desestabilizar ela #bbb,2026-01-17 02:07:07.017000+00:00,1,0,5,2026-01-17T02:07:07.729Z,wheinkyy.bsky.social,whein,did:plc:ympzlkria6ks5dtnbiipkqex
at://did:plc:qdic5wzhk3j7gvzsod7j5cvr/app.bsky.feed.post/3mcuip4vhtk2w,bafyreihytr2s2nf52sxyuw2pmcv7r6djolzf6lw5x4ffv5hanq4ymb3cmy,essa aline do bbb eh chata p caralho paga de evolu√≠da e t√° resgatando coisa de 10 anos atr√°s achando que t√° fazendo um grande mousse 10 anos j√° minha filha vai viver ngm liga que a ana paula falou da sua roupa,2026-01-20 15:43:10.686000+00:00,1,0,2,2026-01-20T15:43:12.428Z,ripyourth.bsky.social,lu ‚ä¨ ‚ö¢,did:plc:qdic5wzhk3j7gvzsod7j5cvr
at://did:plc:fyostee3s6wh7xnfeegu64oa/app.bsky.feed.post/3mcuhknvb6s2q,bafyreih7gwgcdypyvsg4gsvin3o5hkjaq4c2zsds6j3i6ck7j2pefgwiwa,vamos aos fatos: essa edi√ß√£o do BBB s√≥ foi feita pra dar a vit√≥ria pra Ana Paula ü§∑üèΩ,2026-01-20 15:22:46.992000+00:00,0,0,2,2026-01-20T15:22:47.436Z,gvstt.bsky.social,who‚Äôs Madeline,did:plc:fyostee3s6wh7xnfeegu64oa
at://did:plc:qhmqwop4lsxs47kggc335x3l/app.bsky.feed.post/3mcixrmzpkk2x,bafyreigklnqmxchnwmmija5xxfvvh3cvvk64vydvypjma5sbqb3nsbb5sm,"O maluco mais verde da hist√≥ria do programa tentando dar volta em Ana Paula Fucking Renault, make burrice vergonhosa again #BBB",2026-01-16 01:41:03.978000+00:00,0,0,6,2026-01-16T01:41:06.536Z,windblow.org,Steven Flow,did:plc:qhmqwop4lsxs47kggc335x3l
at://did:plc:qkak7k77cc2hu7624gj4cjds/app.bsky.feed.post/3mclbm2ejf22j,bafyreihrbxrqdcsr4ymbi3lgvzpw2bxpbn6msratyjs5xax6kegvgsdeie,"ana paula renault a PRIMEIRA bbb q sigo no insta, extremamente carismatica, querida e correta nos seus posicionamentos, as outras? sonham",2026-01-16 23:42:13.530000+00:00,1,0,2,2026-01-16T23:42:18.635Z,empalnadinho.bsky.social,Cuzinho empalnadinho,did:plc:qkak7k77cc2hu7624gj4cjds
at://did:plc:q5677of5kqtr6jxfpbhx2yzu/app.bsky.feed.post/3mcqlqnvrf22a,bafyreibxnkatbndon2eegmcmmubk72sn4tubov5r5l4v5y4aa2kaxzt7d4,ana paula renault tem que ganhar esse bbb e eu mantenho minha palavra at√© o final,2026-01-19 02:27:04.348000+00:00,0,0,2,2026-01-19T02:27:05.936Z,acdfox.bsky.social,triz,did:plc:q5677of5kqtr6jxfpbhx2yzu
at://did:plc:rr67sm2fnnz7yr2w33vjsz3r/app.bsky.feed.post/3mcqft6liks2p,bafyreic7kd73a64njbrqqhxypsj2rokeqru6hcap22hh2imfvwno3awcta,"Ana Paula, a nossa Olivia Benson farejando ped√≥filo e assediador e depois botando pra correr. #bbb",2026-01-19 00:41:06.495000+00:00,0,0,1,2026-01-19T00:41:07.331Z,altmelissa.bsky.social,Peste Labub√¥nica,did:plc:rr67sm2fnnz7yr2w33vjsz3r
at://did:plc:rovs7k35giv42zqnwan5gup7/app.bsky.feed.post/3mcdyo57ll22x,bafyreieehd4qprekn4ovavyobjgkxjwt4anzk545dcat5uzektpvygncz4,"O legend√°rio eliminou a Ana Paula Renault. Ela j√° sabe do passado dele???

#AleReality #bbb26 #BBB",2026-01-14 02:13:41.780000+00:00,0,1,11,2026-01-14T02:13:43.335Z,alexandrefelipe.bsky.social,‚òÜ Al√™ Reality ‚òÜ,did:plc:rovs7k35giv42zqnwan5gup7
at://did:plc:qhmqwop4lsxs47kggc335x3l/app.bsky.feed.post/3mce6fzxuqc2h,bafyreicnh57celcw2vprkfraaqjoqr67j3ngzabh3g5ocu4tuumgybmlim,Ana Paula segue firme na estrat√©gia de inserir flertes aleat√≥rios com os advers√°rios pra desestabiliz√°-los. Jogadora demais. #BBB,2026-01-14 03:56:32.397000+00:00,0,2,18,2026-01-14T03:56:33.429Z,windblow.org,Steven Flow,did:plc:qhmqwop4lsxs47kggc335x3l
at://did:plc:mb2ldno2nstjoiownm2xsb5e/app.bsky.feed.post/3mcqs2nk5zs2p,bafyreihmyejjwhllgwcpndhnze6nvo6udepwzbb4gz6p6wnamvhjtkhhs4,"üö® PARED√ÉO BBB: Aline Campos, Ana Paula e Milena est√£o no pared√£o do #BBB26. Quem deve sair?",2026-01-19 04:20:01.939000+00:00,0,0,0,2026-01-19T04:20:07.728Z,humorquecola.bsky.social,Humor Que Cola,did:plc:mb2ldno2nstjoiownm2xsb5e
at://did:plc:77m7szcps5ahfhlj275enasd/app.bsky.feed.post/3mcsym6bjts2x,bafyreihmgvt2yftfykem2oarvrgsmiawryhw6hmxhnekt3zgvj5ve4u34a,√ä bolsominion de merda #BBB26,2026-01-20 01:22:31.850000+00:00,1,0,4,2026-01-20T01:22:34.330Z,mulherbeliche.bsky.social,Vivian,did:plc:77m7szcps5ahfhlj275enasd
at://did:plc:rdkm7tyahhszzlrekmrlpgv5/app.bsky.feed.post/3mcibwej6t22h,bafyreibh37qdzdjum2zyd3i2zhjgwpn2k5fdjrsh6xjcjyyospmsybl3za,"Tia Milena crescendo no meu cora√ß√£o, foi criada por crente? Foi. √â confusa? √â. Mas t√° l√° aprendendo com a Ana Paula e o Babu. #BBB26 #BBB",2026-01-15 19:10:00.501000+00:00,0,0,7,2026-01-15T19:10:00.737Z,siaht.bsky.social,Labubu da Shopee,did:plc:rdkm7tyahhszzlrekmrlpgv5
at://did:plc:qhmqwop4lsxs47kggc335x3l/app.bsky.feed.post/3mcqmmgg2fc2h,bafyreifiyrpbul7othmlsgikngwap32umpudodchmxirjoeolbfbrzcacu,"Babu: ""n√£o t√¥ sabendo jogar sendo amado"" #BBB ü•πü§è",2026-01-19 02:42:36.017000+00:00,0,14,101,2026-01-19T02:42:36.835Z,windblow.org,Steven Flow,did:plc:qhmqwop4lsxs47kggc335x3l
at://did:plc:t6mo3gdxr4263p3bsvn7ktym/app.bsky.feed.post/3mcscivknhc26,bafyreiaew2egnkhbjzxrgz26wddl5hb5ikk4t7t5b25btkcbmgcdefpbda,Primeiro eliminado do Lababu,2026-01-19 18:46:59.724000+00:00,0,0,30,2026-01-19T18:47:04.232Z,oigenbu.bsky.social,Genbu üçâ,did:plc:t6mo3gdxr4263p3bsvn7ktym
at://did:plc:tzpaafgby3335xvvnwm7ekei/app.bsky.feed.post/3mcqpdvj5rs22,bafyreia72dqeil5jue36vscap4djro7ithutnthl6eil3nlupr3pxpdcn4,sua m√£e odeia ESTE HOMEM?,2026-01-19 03:31:31.081000+00:00,1,0,27,2026-01-19T03:31:32.134Z,raposatriste.bsky.social,equipe ana castela roblox,did:plc:tzpaafgby3335xvvnwm7ekei
at://did:plc:u6limtouih2cs5rbrf2nmtkf/app.bsky.feed.post/3mcqs4yjp6s2v,bafyreib6idp6jg2rkzuluv6jpepsptbgvgnvvf2beiujbkk4np4tkhovva,"CARALHO o cowboy virou ‚Äúeu nunca vi o cara mais prestativo ganhar BBB voc√™ j√° viu Babu? Sen√£o voc√™ tinha ganhado‚Äù 

IHAAAAAAAAAA",2026-01-19 04:21:20.590000+00:00,2,0,42,2026-01-19T04:21:21.532Z,freeblowjob.deichator.ar,Clarice Xerector,did:plc:u6limtouih2cs5rbrf2nmtkf
at://did:plc:2whzeyp6psmziq7jl2fohp5d/app.bsky.feed.post/3mcoeonx4pk2c,bafyreibzu4wvjpfqe3i5rt6pm4bjfckg35taicxw4vcaukpfy3774k7khi,"O Babu j√° t√° olhando pro Pedro com a mesm√≠ssima express√£o que olhava pro Daniel no BBB 20, hahaha. Como aquela edi√ß√£o foi boa, minha nossa. E essa t√° caminhando pra ser tb. #BBB26",2026-01-18 05:15:21.614000+00:00,0,3,26,2026-01-18T05:15:22.729Z,danielvaz.bsky.social,Daniel Vaz,did:plc:2whzeyp6psmziq7jl2fohp5d
at://did:plc:is34cckbge5hd54rz3qqsbj3/app.bsky.feed.post/3mcthlze3fs25,bafyreifan2wymnq45infrgdbhlu3q2oyy5fb3hai73cx33a27wesbldz5i,"Acho t√£√£√£√£o interessante ver como essa participa√ß√£o do Babu difere do BBB 20. Tem tantas pessoas mais abertas a ele, e pessoas com mais afinidade. Est√° sendo uma experi√™ncia completamente diferente. #BBB26",2026-01-20 05:50:52.812000+00:00,0,1,16,2026-01-20T05:50:53.632Z,sirph.bsky.social,Sir PH,did:plc:is34cckbge5hd54rz3qqsbj3
at://did:plc:mvwiyh2vxrls6b4wgjbcmar4/app.bsky.feed.post/3mct4trdxpk2i,bafyreibx57xcit26zkkipkcd7sxmqy7ewlfqg2abop7i6uj3l744gpbin4,"Nossa, o Babu t√° total no foda-se nesse BBB n√©, t√° l√° pelo cheque e se der pra ganhar deu",2026-01-20 02:38:21.703000+00:00,0,0,4,2026-01-20T02:38:23.330Z,mateuscarvalho.bsky.social,Mateus Carvalho,did:plc:mvwiyh2vxrls6b4wgjbcmar4
at://did:plc:nazx3gthagjhyo2va2donowc/app.bsky.feed.post/3mct4ui3b5k2q,bafyreif7udxsu6ktdafimfamkkvwujv3htzi6t6unfkym62i2q65jbqkqa,"o babu depois de chamar a sol iarnuou de burra ""espero n√£o ter te ofendido"" 

#bbb",2026-01-20 02:38:45.542000+00:00,0,0,3,2026-01-20T02:38:46.932Z,danizzada.bsky.social,poupan√ßa muscular ‚ú†,did:plc:nazx3gthagjhyo2va2donowc
at://did:plc:jzzybaadrhwvhfut4yzmcrg3/app.bsky.feed.post/3mcsfp5wnks2x,bafyreigphrzbk66jd3brzucgoilybwh6ebfovipiggn7gya3i46nrrt7he,o que me choca no babu √© que ele teve acesso a dinheiro depois dessa passagem pelo bbb e ainda assim consegue estar mais feio agora,2026-01-19 19:44:11.071000+00:00,1,0,5,2026-01-19T19:44:12.434Z,veashgente.bsky.social,veash,did:plc:jzzybaadrhwvhfut4yzmcrg3
at://did:plc:6opde6kue7clbgdhfqzbg4od/app.bsky.feed.post/3mckpdmzgoc2f,bafyreiaiiaddsg22c2d2tdzcvmiu5xurecjqxbs3dcqrwmpzpohnqlfque,"O babu felizinho, fazendo as compras, que nesse bbb ele vai comer
#bbb26",2026-01-16 18:15:23.749000+00:00,0,0,5,2026-01-16T18:15:24.337Z,rezoka.bsky.social,Renata ,did:plc:6opde6kue7clbgdhfqzbg4od
at://did:plc:fi4thtdlksyc66ozqj4yamud/app.bsky.feed.post/3mcbhpmuj6c2r,bafyreigsfcrhwfeiym22uq3tgwkxbogpebjcfnnjpl7wefn55hlmqmwrde,"N√£o vou assistir esse BBB 

BABU entra na casa...",2026-01-13 02:04:58.661000+00:00,5,18,161,2026-01-13T02:05:01.135Z,caixadoremedios.art,Remedios,did:plc:fi4thtdlksyc66ozqj4yamud
at://did:plc:mgkqtylfno2gkkl4rtwry4js/app.bsky.feed.post/3mcitzmmy6c2e,bafyreics4cn54h55wajsrfdcdduzynlg7ikpycuxbvixkmtxyulmsc2srq,Aline Riscado sugeriu um sarau e o Babu j√° cortou a ideia pela raiz üôè #BBB #BBB26,2026-01-16 00:33:57.029000+00:00,0,0,8,2026-01-16T00:33:58.029Z,fabiruiva.bsky.social,Fabiana,did:plc:mgkqtylfno2gkkl4rtwry4js
at://did:plc:rovs7k35giv42zqnwan5gup7/app.bsky.feed.post/3mcdggxytik2x,bafyreibcbo6dknp7rlzs2naitozxturq3ckpaiq4seejvlh7fpjk5p2bbe,"Babu Forever!!! ü§ç
#AleReality #bbb26 #BBB",2026-01-13 20:47:34.081000+00:00,1,4,25,2026-01-13T20:47:35.928Z,alexandrefelipe.bsky.social,‚òÜ Al√™ Reality ‚òÜ,did:plc:rovs7k35giv42zqnwan5gup7
at://did:plc:vra7v3d427dqkuohdiagvdyr/app.bsky.feed.post/3mcimspn3622j,bafyreihojtjglnjh2gwo6et53rhg4mhqbcwli6agftkrq7x5cfo3gxkkdq,üö®üö®üö®Participante Babu relembra o BBB 20 pela trig√©sima vez hoje!,2026-01-15 22:24:49.105000+00:00,0,0,7,2026-01-15T22:24:50.837Z,bttlborn.bsky.social,botle,did:plc:vra7v3d427dqkuohdiagvdyr
at://did:plc:6up3eklzxy3neblmiez4ncxa/app.bsky.feed.post/3mct4v4ubgc2j,bafyreicmep2ugwfy2ruyvjnrq3c7idxdbpsqsl6v3wxhb2anzmgmt37lja,"Que clim√£o Babu e Sol Iarnou.

Lembrando que mais cedo ele disse que odeia perguntas burras. Ou seja, odeia burrice

#BBB #BBB26",2026-01-20 02:39:07.333000+00:00,0,0,2,2026-01-20T02:39:08.532Z,ducellos.bsky.social,Du.Cellos,did:plc:6up3eklzxy3neblmiez4ncxa
at://did:plc:5scckz2juvcsnh5uuv3tldpu/app.bsky.feed.post/3mcdcqsjws22i,bafyreiewyi6zkixcegpyxqju5y2ybpunx6jh6czzbvp7wbn5uhbq5r7a4m,Vendo que Babu t√° no BBB de novo e pensando que ele estava em dois dos melhores filmes brasileiros que estrearam ano passado (Oeste Outra Vez e Kasa Branca).,2026-01-13 19:41:28.928000+00:00,8,9,144,2026-01-13T19:41:29.735Z,iwittmann.bsky.social,Isabel Wittmann ,did:plc:5scckz2juvcsnh5uuv3tldpu
at://did:plc:4xkr4rz3lwzdomqkn6zcnqao/app.bsky.feed.post/3mcbhzptso22j,bafyreiguhtee6bbjchxqhzwscbabvzj567qnbb6mscnnjgftmvtxllhssu,Babu de volta ao BBB prova por A mais B que n√£o tem Ainda Estou Aqui e O Agente Secreto que engane sobre como √© dif√≠cil viver de cinema no Brasil.,2026-01-13 02:10:37.329000+00:00,8,176,619,2026-01-13T02:10:38.533Z,pedrosazevedo.bsky.social,Pedro Strazza,did:plc:4xkr4rz3lwzdomqkn6zcnqao
at://did:plc:jqs453ktxco5ho5z46wardhp/app.bsky.feed.post/3mcbhjxp3ls24,bafyreifii2wpyjubq5myibvc76d5uljlg7k2j7sz36ffvyzr7l6jytqcdi,üö® Babu (BBB 20) √© anunciado como VETERANO no #BBB26.,2026-01-13 02:01:48.672000+00:00,1,2,53,2026-01-13T02:02:29.732Z,tracklist.com.br,Tracklist,did:plc:jqs453ktxco5ho5z46wardhp
at://did:plc:nazx3gthagjhyo2va2donowc/app.bsky.feed.post/3mcigepw75k2z,bafyreifaj44bzl2genp3emewppd7qcebvdpb3z77p7x5iopmxzvbqetnwe,juro!!! eu fiquei chocada em v√™ o babu novamente no bbb,2026-01-15 20:29:37.189000+00:00,0,0,3,2026-01-15T20:29:38.935Z,danizzada.bsky.social,poupan√ßa muscular ‚ú†,did:plc:nazx3gthagjhyo2va2donowc
at://did:plc:ubji6txf3gdzwztlt2zegzdi/app.bsky.feed.post/3mcd7u3yud225,bafyreihfwawvvhfevujqkbtknawug4xby47xkvkuqwmqyjpjczd5o5blta,"Estava vendo o video do Babu Santana recomendando o Jones Manoel no BBB e pensando como a esquerda ainda usa pouco esse sistema de recomenda√ß√µes n√©? Que outros participantes possam recomendar outros comunicadores e ajudar a ampliar o p√∫blico.

A direita sempre usou isso, muito forte.",2026-01-13 18:49:38.291000+00:00,3,7,123,2026-01-13T18:49:38.632Z,crisvector.com,Cris,did:plc:ubji6txf3gdzwztlt2zegzdi
at://did:plc:6zjhvoex7flgltulcdrhm2hc/app.bsky.feed.post/3mcklg4j5fk2a,bafyreia5pwdatm73qll5egeewewiuenu33otfsj4ldm5dpir7yxbc2r7jq,pensando aqui q o babu voltou pro bbb n√£o almejando o dinheiro do pr√™mio mas s√≥ pra ficar de boa e conhecer gente nova por uns meses,2026-01-16 17:05:12.135000+00:00,1,0,3,2026-01-16T17:05:12.736Z,infernity.bsky.social,ü¶îüêßceci,did:plc:6zjhvoex7flgltulcdrhm2hc
at://did:plc:znsnmek5o6lb44v7xe4dphum/app.bsky.feed.post/3mccs7swwds2w,bafyreibb26wjn47rlhnmotaqglxauxoc5urhqkb365deqdisho2ttbkvzu,o bbb para o Babu parece aquele freela chato que a gente pega quando n√£o tem nada muito em vista e quando as coisas melhoram a gente fala NUNCA MAIS VOU PEGAR AQUELE FREELA CHATO e a√≠ piora de novo e a gente pega de novo #bbb,2026-01-13 14:45:39.060000+00:00,1,14,63,2026-01-13T14:47:10.438Z,paulagomes.bsky.social,Paula Gomes,did:plc:znsnmek5o6lb44v7xe4dphum
at://did:plc:cxd44mhjkgcgllgbibt5fcma/app.bsky.feed.post/3mcpqbcbe4s24,bafyreictwhfpa7lcofk5iiekectzlwqazyfxbtvygcfvzvbs5sux4jkqwy,babu j√° passou pelo processo de ado√ß√£o e agora √© oficialmente pai de milena #bbb,2026-01-18 18:15:17.795000+00:00,0,0,1,2026-01-18T18:15:18.528Z,nonada.bsky.social,nonada,did:plc:cxd44mhjkgcgllgbibt5fcma
at://did:plc:322v3qhdmryipdzyhizguxok/app.bsky.feed.post/3mcgxarp5uc2r,bafyreieyf36epfumnssdvl625ho3jbsayso56ihlxkt326p5476bircauy,"Babu falando sobre o planejamento impressionante da Manu Gavassi no #BBB20.

#BBB26

#BBB",2026-01-15 06:26:18.973000+00:00,0,0,4,2026-01-15T06:26:19.133Z,tutibraga.bsky.social,Tuti Braga,did:plc:322v3qhdmryipdzyhizguxok
at://did:plc:322v3qhdmryipdzyhizguxok/app.bsky.feed.post/3mcrlqsknoc26,bafyreiglw2yrjlvqabrjpzp3masp5vaq3u7x4mllozhmjq75j7zy5q5mja,"Babu falando sobre como foi gravar ""Salve-se quem puder"" durante a pandemia.

E sobre a sa√≠da dele do BBB, tb na √©poca da pandemia. 

#BBB26

#BBB",2026-01-19 11:59:48.955000+00:00,0,0,1,2026-01-19T11:59:49.328Z,tutibraga.bsky.social,Tuti Braga,did:plc:322v3qhdmryipdzyhizguxok
at://did:plc:p6mxc6oscsxntj3bbru2t75z/app.bsky.feed.post/3mcobws6zec2q,bafyreialgconpsdkrmgc7s5szbyswhd2y3f3hjknqujww6jjxcz3rkws4i,"assisti 5 minutos de bbb com a menina de S√£o Jo√£o D'Alian√ßa/GO e ela j√° lan√ßou ""top dimais"" ""arrocha"" ""carai babu to feliz dimais di ti conhecer"" (pq ele falou da cidade dela na televis√£o) tudo em goiano language kkkkkk bom demais ver goiano de vdd no bbb ao inv√©s dos harmonizados do marista #bbb26",2026-01-18 04:26:13.271000+00:00,1,0,5,2026-01-18T04:26:14.928Z,jumarrua.bsky.social,dra enjaulada comentando novelas,did:plc:p6mxc6oscsxntj3bbru2t75z
at://did:plc:2bpuvzaecstiioj4s2hunomd/app.bsky.feed.post/3mcbhkp7yek2c,bafyreigt7hbo6smqyxigoddhq4hgfrz4zaatfgnc66n2ixlm5oioyc2wsu,s√≥ quem viveu 2020 comigo sabe o que eu passei com o babu no BBB PUTA QUE PARIU N√ÉOOOOOOOOOOOOOOOOOOO eu n√£o quero sofrer tudo de novo MEU DEUS NAAAO,2026-01-13 02:02:13.363000+00:00,5,3,58,2026-01-13T02:02:14.032Z,carolborgesart.bsky.social,Carol Borges êöÅ,did:plc:2bpuvzaecstiioj4s2hunomd
at://did:plc:cwos2yifxbzic2aclxkub4pp/app.bsky.feed.post/3mcbinpxm4c2o,bafyreibdodolkun5msndq7iezdxeoedg4rcf7r6eobiyg73k3o3koj2ewq,"Colocarem Babu na casa e n√£o colocarem Ivy LOGO NA SEQU√äNCIA foi um crime contra o entretenimento.

#bbb",2026-01-13 02:21:48.542000+00:00,3,2,19,2026-01-13T02:21:49.834Z,naosouindiano.bsky.social,"Que decep√ß√£o, hein, Bruno Souza...",did:plc:cwos2yifxbzic2aclxkub4pp
at://did:plc:ye2pghqxp3sy3kkxqgbiebap/app.bsky.feed.post/3mcdiwiirvk27,bafyreihsowq5cwtgztjnwuneohdo5jbx5twqqu4n4zaz23y4gs4mpvhc3y,cogitando ver o bbb pela nova frente revolucion√°rio da esquerda brasileira babu e juliano floss,2026-01-13 21:32:02.182000+00:00,1,0,6,2026-01-13T21:32:06.845Z,artisdrama.bsky.social,kilpp,did:plc:ye2pghqxp3sy3kkxqgbiebap
at://did:plc:mgkqtylfno2gkkl4rtwry4js/app.bsky.feed.post/3mcdd3tsktk2i,bafyreidw3omi5vcpicoxugc4bieyvvj4h2vpo32jp3627gsqrzw3t4anse,Babu elogiou Jones Manoel e Juliano Floss j√° chamou de futuro presidente. Por essa eu n√£o esperava mesmo. #BBB #BBB26,2026-01-13 19:47:39.359000+00:00,0,0,10,2026-01-13T19:47:40.334Z,fabiruiva.bsky.social,Fabiana,did:plc:mgkqtylfno2gkkl4rtwry4js
at://did:plc:y7v2xpkkghdvqgmmvawnxfkr/app.bsky.feed.post/3mcbiycu4jk2p,bafyreihuwtettf2stvwlemut6bgso536tjo3ch2dopb2d7s32qtrp2oeaq,"QUEM N√ÉO EST√Å FECHADO COM BABU EST√Å ERRADO

BABU √â O BRASIL NO BBB",2026-01-13 02:27:43.895000+00:00,1,0,6,2026-01-13T02:27:46.138Z,brenoamaro.bsky.social,Breno Amaro üö©üè¥,did:plc:y7v2xpkkghdvqgmmvawnxfkr
at://did:plc:sohwgqmgezuai2iyap6b3aig/app.bsky.feed.post/3mcqurrqq422i,bafyreiakmx5n4bkuxcld2xxfanjeoidphgko2o437nn5fnbnxlamyce64y,"esse bbb ta mto deprimente por causa do pedro e por causa do babu q pra mim eh uma grande decep√ß√£o em v√°rios sentidos nunca mais queria saber desse home
apesar disso tenho interesse em ver e fomo",2026-01-19 05:08:45.608000+00:00,1,0,2,2026-01-19T05:08:47.431Z,avalovara.bsky.social,ana,did:plc:sohwgqmgezuai2iyap6b3aig
at://did:plc:tt5gfdyj3ucwmv3u4gpy5vd3/app.bsky.feed.post/3mcdlvhfixc2x,bafyreibcnptc6lcrpvakq5besqgomklust3wd2gzqa4pzoyu74oblslia4,"N√£o entendo nada de BBB, mas se meu brother Babu est√° l√°, j√° tem a minha torcida",2026-01-13 22:25:08.698000+00:00,0,0,6,2026-01-13T22:25:07.436Z,nickellis.bsky.social,Nick üññ,did:plc:tt5gfdyj3ucwmv3u4gpy5vd3
at://did:plc:xfso3sqba3ug76uxfe6q2cbl/app.bsky.feed.post/3mceyurgeus2v,bafyreihvokced6lyqwwqnos6grbildq6brwzb66dzxmwdj7qgy64lwwm5u,"em 2020 comecei a acompanhar o BBB pq achava mto escroto como tratavam o Babu l√° dentro e queria mto ver ele ser respeitado, e quando o indagaram sobre o pente q ele usava no cabelo eu achei a resposta dele digna de uma ilustra√ß√£o, fico feliz em ver ele de volta e espero q ganhe dessa vez",2026-01-14 11:50:04.031000+00:00,1,4,17,2026-01-14T11:50:06.730Z,faelmds.bsky.social,"Fael, meu deus!",did:plc:xfso3sqba3ug76uxfe6q2cbl
at://did:plc:gycvyiky5r4wdm57wg4cuc2j/app.bsky.feed.post/3mcb3dmf24s2e,bafyreibrjgjp6cc2hvytancb4cj2hs4fj73zfhzwbecav4qejv46fhdxr4,ningu√©m merece mais um ano o babu no bbb #bbb26,2026-01-12 22:23:30.599000+00:00,0,0,6,2026-01-12T22:23:34.539Z,paula12346.bsky.social,Paula  üëç üíã,did:plc:gycvyiky5r4wdm57wg4cuc2j
at://did:plc:3ktnj24h7dtbophgpfqhxntw/app.bsky.feed.post/3mcdv7h24xc2g,bafyreiguohtmx3bpncayuaexjqwz3aukaf3ftvegmgmcywwbzndhyivqb4,cara o babu ta no bbb meu deus,2026-01-14 01:11:47.545000+00:00,1,0,3,2026-01-14T01:12:01.238Z,bobonha.bsky.social,auekassabalabadue,did:plc:3ktnj24h7dtbophgpfqhxntw
at://did:plc:r52gp4thd7rjpxqrnahahaue/app.bsky.feed.post/3mcdp2rfar22j,bafyreiaxvr3q4r4mjlpqdgnhuo4sl5rildwgwkeiqpplpscfl2ix2nkv24,"Uma pena o Babu ter voltado pro BBB mas o fiuk n√£o. Todo mundo sabe que o Babu deu esporro no Fiuk mesmo eles sendo de edi√ß√µes diferentes...

#bbb26",2026-01-13 23:21:48.171000+00:00,1,0,5,2026-01-13T23:21:48.632Z,carinavd.bsky.social,Carina üíôüìö,did:plc:r52gp4thd7rjpxqrnahahaue
at://did:plc:wibydqmozmosk23376vk4ddp/app.bsky.feed.post/3mcfcuxz2tc26,bafyreigrpix64t4s2ffxzngfqe4dtbluihdeyrbiu5dwa7bedjc5i2ecfm,"juro que foi por causa do babu no bbb que eu descobri que carioca √© visto como grosseiro pq eu entendia tudo que ele falava normalmente, mas quando entrava no twitter tavam massacrando ele pela suposta grosseria kkkkkkkkkkkk",2026-01-14 14:49:08.362000+00:00,1,0,5,2026-01-14T14:49:09.237Z,torturedlie.bsky.social,lie,did:plc:wibydqmozmosk23376vk4ddp
at://did:plc:wylct3mvw6xombpgqstcrjkc/app.bsky.feed.post/3mcbk2pumxc2s,bafyreibk73disfedn5r5dtxbxlykvcpz2bd2chzda3c4yve2icment4or4,Pode fechar esse #BBB e entregar o pr√™mio para o Babu.,2026-01-13 02:46:58.394000+00:00,1,0,4,2026-01-13T02:46:58.530Z,xettto.bsky.social,(T.),did:plc:wylct3mvw6xombpgqstcrjkc
at://did:plc:hwagunyo43h452q4m763a6kx/app.bsky.feed.post/3mccpcqi6yc25,bafyreihm23lqpupvwdoqcy3ygoubaixx3evbcxsmsn2d7sa6ortd27zjzu,o babu no bbb de novo me fez lembrar disso aqui que fiz no animal crossing na √©poca do 20,2026-01-13 13:53:35.915000+00:00,2,0,9,2026-01-13T13:53:41.636Z,andreazevedo.bsky.social,jur√≠dico ana paula renault,did:plc:hwagunyo43h452q4m763a6kx
at://did:plc:u23x2dljjn36qxzeqhbujgq7/app.bsky.feed.post/3mchk7xkxfs2f,bafyreidkvj4kwhhkcorzyx2y6obui6qdtnjd5ivwwftfaxswezpzmu33ny,"üëÄ BBB 26: Babu Santana alfineta Manu Gavassi e divide web: 'Planta'

üì≤ www.ibahia.com/diversao/tv/...

#Ibahia #BBB #BBB26 #BabuSantana #ManuGavassi #TV #RealityShow #TVGlobo #Globo",2026-01-15 12:05:52.668000+00:00,0,0,1,2026-01-15T12:05:57.134Z,ibahia.bsky.social,ibahia,did:plc:u23x2dljjn36qxzeqhbujgq7
at://did:plc:wxifol6tegoaxu6tgpad252q/app.bsky.feed.post/3mcfbochlr22c,bafyreifukljghcgaroorynr6il7dsmxo3mcc4glxxm24hsksrhjswltvze,"Se vc n√£o ama Babu Santana pfvr n√£o me dirija a palavra #bbb

Vsf que acerto do Boninho botar ele e a Napaula nos veteranos",2026-01-14 14:27:30.700000+00:00,1,0,5,2026-01-14T14:27:31.835Z,elisapolonio.bsky.social,Eli P.,did:plc:wxifol6tegoaxu6tgpad252q
at://did:plc:7zvrm7ci3cwldpa4u4nk2llg/app.bsky.feed.post/3mcdvihyhrc2y,bafyreidurqbe2pvmntmiz6k2fwptjjecehl54czsmh4t5dk3znv7bblyki,seguinte: √© muito importante que eles se tornem amigos na casa,2026-01-14 01:16:50.527000+00:00,0,0,2,2026-01-14T01:16:53.333Z,alanacassano.bsky.social,Alana,did:plc:7zvrm7ci3cwldpa4u4nk2llg
at://did:plc:jr3sdwcfxbzvc5o6yqzrttqc/app.bsky.feed.post/3mccm4d64bs2i,bafyreicztvz4xtcr54b2kv4qqackz25wl6acri4lczfsaykk45l3d3el4i,vou passar mal que o babu e a ana paula voltaram pro bbb,2026-01-13 12:56:19.404000+00:00,0,0,2,2026-01-13T12:56:42.553Z,lesbonilda.bsky.social,lesbonilda,did:plc:jr3sdwcfxbzvc5o6yqzrttqc
at://did:plc:wzlhc5crgv4lqrkujmfjip6w/app.bsky.feed.post/3mcmlzdlimk2c,bafyreig2zxfkpqngd75svfm2wmlyscrtj7mwetiowlrt4cjawuptsbs3by,"Acabei de ver um corte do Babu falando de One Piece no BBB, e infelizmente √© isso, n√£o existe mais competi√ß√£o pra One Piece quando se trata de anime, vamos ter que mudar a categoria pra novela ou filme pra ver se algu√©m consegue bater de frente!!

√â O MAIOR QUE TEMOS E N√ÉO TEM DISCUSS√ÉO!!!",2026-01-17 12:21:16.555000+00:00,0,0,1,2026-01-17T12:21:17.532Z,caeioux.bsky.social,Cachorro Quente Caio,did:plc:wzlhc5crgv4lqrkujmfjip6w
at://did:plc:zs2yk4eq2mnb5slvzctcpb67/app.bsky.feed.post/3mcbo4aeook2t,bafyreihzaqihx4urnue5ak3pcbrt2pd2cjbsuy3ch33l6llrt5pe3ov4ve,"Melhor elenco de BBB dos √∫ltimos tempos. sol iarnu√¥, babu, camarotes realmente famosos (dona jura & henri Castelli), vibe casa dos artistas

Quem n√£o amar ta doido",2026-01-13 03:59:24.218000+00:00,1,1,9,2026-01-13T03:59:24.934Z,mariliamoscou.bsky.social,Imperatriz Paulista da N√£o-Monogamia,did:plc:zs2yk4eq2mnb5slvzctcpb67
at://did:plc:tcya7euhn3pgh7jldmufu5vs/app.bsky.feed.post/3mcbiopd2hk2z,bafyreig2jxy4edhtdjizpwluxvk3oigayrvwu77way2d3afxkoyqthwto4,Mentira que babu ta no bbb!! Adoro o divo üíóüíó,2026-01-13 02:22:21.422000+00:00,1,0,5,2026-01-13T02:22:21.532Z,ninadramas.bsky.social,Nina,did:plc:tcya7euhn3pgh7jldmufu5vs
at://did:plc:2ruar6rgum65burg5jwthixl/app.bsky.feed.post/3mcbhnd5rty2b,bafyreie5ig74wl6v5wursz5ml36yse4uztletp33cv6dmi2jffddc44cr4,"BBB 26: Babu Santana, da edi√ß√£o 20, est√° no grupo Veteranos",2026-01-13 02:03:41.250000+00:00,0,0,3,2026-01-13T02:03:41.834Z,cnn-brasil.bsky.social,CNN Brasil,did:plc:2ruar6rgum65burg5jwthixl
at://did:plc:pvy27ucy3nhsm7q63fyiwfyj/app.bsky.feed.post/3mcckpiullc24,bafyreibgjbaspfzjd7aynajyqjfit7qrzqsj4kgawdopffm7daduc2flzu,me atualizei do bbb gra√ßas ao telegram e po n√£o √© possivel que botaram o Babu e a Sarah de novo t√° duro dorme vtnc,2026-01-13 12:31:15.434000+00:00,0,0,5,2026-01-13T12:31:16.631Z,hotlinege.bsky.social,Geg√™ - Nightmare Horror,did:plc:pvy27ucy3nhsm7q63fyiwfyj
at://did:plc:2ruar6rgum65burg5jwthixl/app.bsky.feed.post/3mcdokwrpfg2b,bafyreihharkmbfy3lssjpogbqe73nycjyarw2wh6zlc3zqp6bkss5nkyaa,"BBB 26: Sem saber de acordo com Cruzeiro, Babu prev√™ Kaio Jorge no Flamengo",2026-01-13 23:12:56.806000+00:00,0,0,4,2026-01-13T23:12:57.546Z,cnn-brasil.bsky.social,CNN Brasil,did:plc:2ruar6rgum65burg5jwthixl
at://did:plc:nnoiecqzlzatknbb7imzcovn/app.bsky.feed.post/3mccqvbptps2b,bafyreienx7swonl5xaklrnplpfo43ssvs2grimtm37ytfesdibfbovpg2u,O cinema nacional estourando e o Babu indo nessa de BBB,2026-01-13 14:21:51.715000+00:00,0,0,1,2026-01-13T14:21:52.129Z,rafaohead.bsky.social,ùöõùöäùöèùöä_,did:plc:nnoiecqzlzatknbb7imzcovn
at://did:plc:mz2nesznhwe2boaz2xr6426y/app.bsky.feed.post/3mccux4zuqc2a,bafyreifl5pyech3fqhwo3v2jks3fowchyw3rfumr6b25ezadpib67lb7c4,como assim o babu t√° no bbb de novo pra que isso meu deus,2026-01-13 15:34:28.877000+00:00,1,0,1,2026-01-13T15:34:29.032Z,heatten.bsky.social,gabriel,did:plc:mz2nesznhwe2boaz2xr6426y
at://did:plc:gkacwcbguisgv62dxiinbyh2/app.bsky.feed.post/3mcffps37dc2o,bafyreidhhsc3n7bvdmcrqvna2dalcysaw7fmpgk435hisnbdslc6ynzsny,"Pera√≠, pera√≠, pera√≠...!

O Babu Santana deixou um espet√°culo de sucesso como ""Os Irm√£os Karam√°zov"", pelo qual ele chegou a ser premiado*, pra voltar pro BBB?!

*pr√™mio Bibi Ferreria, que ainda n√£o √© t√£o levado a s√©rio (mas ainda assim, um pr√™mio)",2026-01-14 15:39:55.588000+00:00,0,0,2,2026-01-14T15:39:58.134Z,duarte-pedroa.bsky.social,pedro a duArte,did:plc:gkacwcbguisgv62dxiinbyh2
at://did:plc:fuc4o63yfrmzrdwk6qswnich/app.bsky.feed.post/3mcbklodjdc2e,bafyreifc4hjlcvgq242qywnbmxnrimp2vkrymzjvip3mz4jimyvgbyutyu,O Babu voltar ao #BBB dep√µe contra o programa e a falsa ideia de que ele catapulta carreiras de camarotes. Triste.,2026-01-13 02:56:27.210000+00:00,1,0,1,2026-01-13T02:56:28.035Z,pablocardoso.bsky.social,Pablo Cardoso,did:plc:fuc4o63yfrmzrdwk6qswnich
at://did:plc:ysjhtrhazpzbi5mbcp3exs2n/app.bsky.feed.post/3mcbz24p7p22g,bafyreifdpvojjazzkvcupl5nguhqvvvunoqopotkrb3eiq7vkwha3odlxu,"Eu sei l√° se vou assistir a esse BBB, mas aqui vai minha leve contribui√ß√£o sobre 2 veteranos de 2 edi√ß√µes que acompanhei MUITO: Ana Paula e Babu. Ana √© extremamente carism√°tica e sabe gerar entretenimento espont√¢neo, √© algu√©m super interessante de acompanhar, mesmo. Babu sabe externar sentimentos",2026-01-13 07:15:04.415000+00:00,2,0,1,2026-01-13T07:15:05.030Z,thaytha.bsky.social,Tha,did:plc:ysjhtrhazpzbi5mbcp3exs2n
at://did:plc:7z2o6tnlwwyibrct5wcdosrl/app.bsky.feed.post/3mcbpu2pxjx22,bafyreibryi2voukasdm36h7twmapf6p7i337uiuf5lqobilx6yloyljvci,"Itens dos √∫ltimos 30 minutos üß≠:

1. Bbb
2. Trov√£o
3. Resolve
4. Pr√©dio
5. Digimon
6. Globo
7. Ouro
8. Instagram
9. Tr√™sgra√ßas
10. Babu

An√∫ncio: @terraprotege.bsky.social.",2026-01-13 04:30:37.226000+00:00,0,0,4,2026-01-13T04:30:37.430Z,trending-pt.bsky.social,Tend√™ncias - Portugu√™s,did:plc:7z2o6tnlwwyibrct5wcdosrl
at://did:plc:x7lydmudjfl4wl5q4sqnvblc/app.bsky.feed.post/3mbzvo5va422t,bafyreifviehlvh4qllt5a57dxj3jemyg55lg2h4wopfisan2kwr76gezlq,"Menina, foi babado üòµ‚Äçüí´ü§°
Eu gostei muito do BBB do Babu e a patricinha Manu Gavassi",2026-01-10 01:53:23.881000+00:00,1,0,1,2026-01-10T01:53:26.435Z,aline-o.bsky.social,line‚òÄÔ∏è,did:plc:x7lydmudjfl4wl5q4sqnvblc
at://did:plc:k43ha6nlknmdw4owymqnvcat/app.bsky.feed.post/3mcduple4sq2i,bafyreiewpe7ydl3xh5b5jeqv2hpqvn3puxfn64oidhqy2f446tl564fx3a,"
Bluesky's Top 10 Trending Words (past 60min):
üí®x1* - epstein üîì
üí®x1* - democracy üîì
üí®x1* - ukraine üîì
üí®x93 - claudette
üí®x92 - dilbert
üí®x92 - colvin
üí®x86 - 1Ôπê670
üí®x1* - gaza üîì
üí®x59 - bilheteria
üí®x54 - weathers
*üîì = Unlocked Emergency Words (see img)

#ListenToBlackVoices

(Something not right? Reply!)",2026-01-14 01:02:56.321290+00:00,0,0,1,2026-01-14T01:02:55.834Z,hourlybreezing.ntw.app,‚òÅÔ∏èHourlyü§ñBreezingüí®,did:plc:k43ha6nlknmdw4owymqnvcat
at://did:plc:6jih63ihwtsshxe2f7rfx44c/app.bsky.feed.post/3mcd5sul4y22a,bafyreieyp2dxohifsvzqiwibpkc4pvctovqejlkrnn5ceqjk4zevmddbem,at√© o momento n√£o assisti o bbb ent√£o s√≥ entendi que o babu e a dona jura est√£o l√° e os outros nomes que li parecem inventados,2026-01-13 18:13:09.465000+00:00,1,0,0,2026-01-13T18:13:17.329Z,igotblues.bsky.social,tha√≠s,did:plc:6jih63ihwtsshxe2f7rfx44c
at://did:plc:havp2qrjjuwhcfnnbgyfo54w/app.bsky.feed.post/3mcbhkcx53c2l,bafyreievwgrt5mt5lamqw4wpfnypocrn2wrfcongavvqcy2sokkxvehare,Babu de volta no BBB aff!,2026-01-13 02:02:00.490000+00:00,0,0,0,2026-01-13T02:02:06.354Z,jletty.bsky.social,Ju,did:plc:havp2qrjjuwhcfnnbgyfo54w
at://did:plc:77m7szcps5ahfhlj275enasd/app.bsky.feed.post/3mcbigm5d2c2q,bafyreibqtfeqob5zthubo7wl6cgv52cqfux3emmx7atevmgcabcyal3inm,"eu quero ver o que vai acontecer com a Renault e o Babu, porque ela sempre falou muita merda dele quando ele tava no BBB",2026-01-13 02:17:49.654000+00:00,0,0,1,2026-01-13T02:17:51.435Z,mulherbeliche.bsky.social,Vivian,did:plc:77m7szcps5ahfhlj275enasd
at://did:plc:gmrdy7mkkg7lwt67hlwsjmka/app.bsky.feed.post/3mcbjabzapc2x,bafyreibznn353n3cuj3ta6wnly6aup7c5pauvhyq36gobmvjxbokyjm4ni,e assim o babu fez uns filmes depois do bbb e ainda assim,2026-01-13 02:32:11.449000+00:00,1,0,2,2026-01-13T02:32:12.834Z,vivianemotosserra.bsky.social,vivi,did:plc:gmrdy7mkkg7lwt67hlwsjmka
at://did:plc:gwmbwf7kefyyfgtbxj3b2l36/app.bsky.feed.post/3mct567s5gs2x,bafyreifhvpaynq4mw4kxv7znar6hi7umbk2lz4bmj4mmfs5lfpfb6btvge,"Babu extremamente zen nesse BBB, vai chegar no p√≥dio se manter essa tranquilidade",2026-01-20 02:44:12.400000+00:00,0,0,0,2026-01-20T02:44:12.937Z,nub1a.bsky.social,Ndemuito,did:plc:gwmbwf7kefyyfgtbxj3b2l36
at://did:plc:l4dngcbgffcpcbnwmjnr2yqs/app.bsky.feed.post/3mcbhn3ruu22z,bafyreiezcijs43ese7btnt5h72v4cqu43saqxti6r52yob2morimcz5i3e,"Na moral, eu fico triste com o Babu no BBB. O cara √© um puta ator, era pra estar a√≠ no circuito de filmes premiados, tirando foto nos tapetes vermelhos mundo afora",2026-01-13 02:03:33.641000+00:00,0,0,0,2026-01-13T02:03:34.436Z,allannobrega.com.br,Allan N√≥brega,did:plc:l4dngcbgffcpcbnwmjnr2yqs
at://did:plc:ombefbv46lutxbuvu4mz34ja/app.bsky.feed.post/3mcbhptkzsb24,bafyreigfrkwqwm66rcohtuiqgdp245fyqgmcb44hbri6allcrh23vbbw5i,"üîÑ Babu Santana √© um dos Veteranos confirmados no #BBB26! O ator participou do BBB 20 e retorna ao programa com 46 anos e, claro, continua no Rio de Janeiro, RJ! Tavam com saudades do paiz√£o? #RedeBBB
#BBB26 #BBB ",2026-01-13 02:05:04+00:00,0,1,3,2026-01-13T02:05:06.231Z,fifisdotelefone.bsky.social,Fifis do Telefone | #AFazenda17,did:plc:ombefbv46lutxbuvu4mz34ja
at://did:plc:mcb6n67plnrlx4lg35natk2b/app.bsky.feed.post/3mcqn2pqfq72y,bafyreie4zjlnej4aibkoqhehjs6zl247eakzahev7dfsd2zmyqjutqhivq,"
Bluesky's Top 10 Trending Words (past 10min):
üí®x181 - caleb
üí®x100 - mcvay
üí®x89 - voto
üí®x72 - pope
üí®x62 - rams
üí®x56 - votar
üí®x56 - kmet
üí®x1* - epstein üîì
üí®x52 - williams
üí®x52 - bridgerton
*üîì = Unlocked Emergency Words (see img)

#–π–æ–±–∞–Ω–∞—Ä—É—Å–Ω—è üá∫üá¶

(Something not right? Reply!)",2026-01-19 02:50:36.809946+00:00,0,0,0,2026-01-19T02:50:36.332Z,nowbreezing.ntw.app,‚òÅÔ∏èNowü§ñBreezingüí®,did:plc:mcb6n67plnrlx4lg35natk2b
at://did:plc:ombefbv46lutxbuvu4mz34ja/app.bsky.feed.post/3mcf6gbobkc2w,bafyreifhz5jqpm4vzxyhf4gmowjgzo2ikxideqddxywvw4xx6cyyvrkta4,"Babu desistiu da Prova do L√≠der 
#BBB26 #BBB #RedeBBB ",2026-01-14 13:29:19+00:00,0,1,2,2026-01-14T13:29:21.134Z,fifisdotelefone.bsky.social,Fifis do Telefone | #AFazenda17,did:plc:ombefbv46lutxbuvu4mz34ja
at://did:plc:mcb6n67plnrlx4lg35natk2b/app.bsky.feed.post/3mcbilpvhhc24,bafyreibvrl47rm7nptlk7g3f63bkxxoh4f266nojf2akdahqkadhnlfngq,"
Bluesky's Top 10 Trending Words (past 10min):
üí®x114 - stroud
üí®x95 - solange
üí®x89 - bbb
üí®x1* - epstein üîì
üí®x64 - babu
üí®x56 - cj
üí®x49 - veteranos
üí®x47 - paula
üí®x45 - dona
üí®x44 - edilson
*üîì = Unlocked Emergency Words (see img)

#ListenToBlackVoices

(Something not right? Reply!)",2026-01-13 02:20:41.593670+00:00,0,0,0,2026-01-13T02:20:41.935Z,nowbreezing.ntw.app,‚òÅÔ∏èNowü§ñBreezingüí®,did:plc:mcb6n67plnrlx4lg35natk2b
at://did:plc:gkpwvighanweocgoffobi6l4/app.bsky.feed.post/3mcbkihmhrs22,bafyreicadbmqciplierakb2nnehumkzo62qmgiz2hm4uxl5yld2iyel2j4,"ELENCO COMPLETO! O #BBB26 come√ßou com tudo! Solange Couto e Henri Castelli est√£o no Camarote, e veteranos como Ana Paula Renault e Babu Santana est√£o de volta. Veja a lista completa!
 #BigBrotherBrasil #BBB üîó pipocamoderna.com.br/2026/01/bbb-...",2026-01-13 02:54:39.500000+00:00,0,0,0,2026-01-13T02:57:16.035Z,pipocamoderna.bsky.social,Pipoca Moderna,did:plc:gkpwvighanweocgoffobi6l4
at://did:plc:mcb6n67plnrlx4lg35natk2b/app.bsky.feed.post/3mcbmiy2a6f2y,bafyreicydoqvpomzqljlrdsff65oh5eensdta7eyc4jtxuh5wfy4as3nxe,"
Bluesky's Top 10 Trending Words (past 10min):
üí®x71 - stroud
üí®x61 - ‰πÖÁ±≥
üí®x57 - texans
üí®x44 - rodgers
üí®x1* - epstein üîì
üí®x1* - democracy üîì
üí®x32 - bbb
üí®x27 - cj
üí®x25 - bovino
üí®x22 - „Çπ„ÉÜ„Éº„Ç∑„Éß„É≥
*üîì = Unlocked Emergency Words (see img)

#–π–æ–±–∞–Ω–∞—Ä—É—Å–Ω—è üá∫üá¶

(Something not right? Reply!)",2026-01-13 03:30:44.489947+00:00,0,0,0,2026-01-13T03:30:44.736Z,nowbreezing.ntw.app,‚òÅÔ∏èNowü§ñBreezingüí®,did:plc:mcb6n67plnrlx4lg35natk2b
at://did:plc:mcb6n67plnrlx4lg35natk2b/app.bsky.feed.post/3mcblffyrri2e,bafyreifzfj4aufpl7thad7o5zxoow5sxbtmae3ke2x7bnagncmiyqtswca,"
Bluesky's Top 10 Trending Words (past 10min):
üí®x294 - stroud
üí®x129 - cj
üí®x1* - epstein üîì
üí®x33 - texans
üí®x1* - democracy üîì
üí®x25 - steelers
üí®x22 - bovino
üí®x22 - bbb
üí®x18 - turnovers
üí®x17 - perfidy
*üîì = Unlocked Emergency Words (see img)

#FreePalestine üáµüá∏

(Something not right? Reply!)",2026-01-13 03:10:51.135685+00:00,0,0,0,2026-01-13T03:10:54.937Z,nowbreezing.ntw.app,‚òÅÔ∏èNowü§ñBreezingüí®,did:plc:mcb6n67plnrlx4lg35natk2b
at://did:plc:ombefbv46lutxbuvu4mz34ja/app.bsky.feed.post/3mcqoxdjnb42f,bafyreiazmkuxbo6lfbvnze7gbeb5qgv722gqcpbt436rkrnclmzaqtod7a,"üö®Se voc√™ for #ForaAnaPaula curte, comenta e compartilha
#BBB26 #BBB #RedeBBB",2026-01-19 03:24:28+00:00,0,0,0,2026-01-19T03:24:30.130Z,fifisdotelefone.bsky.social,Fifis do Telefone | #AFazenda17,did:plc:ombefbv46lutxbuvu4mz34ja
